USE classicmodels;

SET CHARACTER_SET_CLIENT = utf8;
SET CHARACTER_SET_CONNECTION = utf8;

/* Table No. 1 */
/* Table structure for table employees */
DROP TABLE IF EXISTS employees;

CREATE TABLE employees (
  employeeNumber int(11) NOT NULL comment '従業員番号',
  firstName varchar(50) NOT NULL comment '姓',
  lastName varchar(50) NOT NULL comment '名',
  firstNameKana varchar(50) NOT NULL comment '姓カナ',
  lastNameKana varchar(50) NOT NULL comment '名カナ',
  age int(11) NOT NULL comment '年齢',
  email varchar(100) NOT NULL comment 'メールアドレス',
  officeCode varchar(10) NOT NULL comment '営業所コード',
  reportsTo int(11) DEFAULT NULL comment '報告先',
  jobPosition varchar(50) NOT NULL comment '役職',
  PRIMARY KEY (employeeNumber),
  KEY reportsTo (reportsTo),
  KEY officeCode (officeCode)
) ENGINE=InnoDB 
DEFAULT CHARSET=utf8mb4 COLLATE=utf8mb4_0900_ai_ci
comment='従業員'
;

/* Data for the table employees */
insert  into employees(employeeNumber,firstName,lastName,firstNameKana,lastNameKana,age,email,officeCode,reportsTo,jobPosition) values 
(1002,'石戸','恭史','いしど','やすし',58,'isd.yss@classicmodels.co.jp','2001',NULL,'社長'),
(1056,'島津','文美','しまづ','あやみ',46,'smd.aym@classicmodels.co.jp','2001',1002,'営業担当副社長'),
(1076,'青地','智宏','あおち','ともひろ',27,'aod.tmhr@classicmodels.co.jp','2001',1002,'マーケティング担当副社長'),
(1088,'小野田','真理子','おのだ','まりこ',47,'ond.mrk@classicmodels.co.jp','2006',1056,'セールスマネージャー(APAC)'),
(1102,'滝沢','友里','たきざわ','ゆり',40,'tkzw.yr@classicmodels.co.jp','2004',1056,'セールスマネージャー(EMEA)'),
(1143,'篠崎','尚久','しのざき','なおひさ',28,'snzk.nohs@classicmodels.co.jp','2001',1056,'セールスマネージャー(NA)'),
(1165,'服部','明子','はっとり','あきこ',32,'htr.akk@classicmodels.co.jp','2001',1143,'営業担当'),
(1166,'金光','由佳里','かねみつ','ゆかり',40,'knmt.ykr@classicmodels.co.jp','2001',1143,'営業担当'),
(1188,'中原','謙二','なかはら','けんじ',21,'nkhr.knj@classicmodels.co.jp','2002',1143,'営業担当'),
(1216,'塩野','眞太郎','しおの','しんたろう',34,'son.snrr@classicmodels.co.jp','2002',1143,'営業担当'),
(1286,'中根','枝里子','なかね','えりこ',22,'nkn.erk@classicmodels.co.jp','2003',1143,'営業担当'),
(1323,'遠山','はるみ','とおやま','はるみ',41,'tym.hrm@classicmodels.co.jp','2003',1143,'営業担当'),
(1337,'森山','弘二','もりやま','こうじ',64,'mrym.kj@classicmodels.co.jp','2004',1102,'営業担当'),
(1370,'佐橋','伸哉','さはし','しんや',28,'shs.sny@classicmodels.co.jp','2004',1102,'営業担当'),
(1401,'小篠','真美','こしの','まみ',27,'ksn.mm@classicmodels.co.jp','2004',1102,'営業担当'),
(1501,'福山','郁生','ふくやま','いくお',23,'fkym.iko@classicmodels.co.jp','2007',1102,'営業担当'),
(1504,'花村','智加子','はなむら','ちかこ',18,'hnmr.tkk@classicmodels.co.jp','2007',1102,'営業担当'),
(1611,'徳弘','亜矢子','とくひろ','あやこ',51,'tkhr.ayk@classicmodels.co.jp','2006',1088,'営業担当'),
(1612,'若松','聡美','わかまつ','さとみ',22,'wkmt.stm@classicmodels.co.jp','2006',1088,'営業担当'),
(1619,'松沢','利香','まつざわ','りか',53,'mtzw.rk@classicmodels.co.jp','2006',1088,'営業担当'),
(1621,'竹花','美嘉','たけばな','みか',41,'tkbn.mk@classicmodels.co.jp','2005',1056,'営業担当'),
(1625,'岡','佐織','おか','さおり',32,'ok.sor@classicmodels.co.jp','2005',1621,'営業担当'),
(1702,'小出','貴久','こいで','たかひさ',23,'kid.tkhs@classicmodels.co.jp','2004',1102,'営業担当')
;

/* Table No. 2 */
/*Table structure for table offices */
DROP TABLE IF EXISTS offices;

CREATE TABLE offices (
  officeCode varchar(10) NOT NULL comment '営業所コード',
  postalCode varchar(15) NOT NULL comment '郵便番号',
  prefecture varchar(50) NOT NULL comment '拠点県',
  city varchar(50) NOT NULL comment '拠点都市',
  addressLine1 varchar(50) NOT NULL comment '住所1',
  addressLine2 varchar(50) DEFAULT NULL comment '住所2',
  phone varchar(50) NOT NULL comment '電話番号',
  area varchar(50) NOT NULL comment '地域',
  PRIMARY KEY (officeCode)
) ENGINE=InnoDB DEFAULT CHARSET=utf8mb4 COLLATE=utf8mb4_0900_ai_ci
comment='営業所'
;

/*Data for the table offices */
insert  into offices(officeCode,postalCode,prefecture,city,addressLine1,addressLine2,phone,area) values 
('2001','001-1111','北海道','札幌市','南区真駒内','904番地9号','011-111-1111','北海道'),
('2002','980-2222','宮城','仙台市','若林区西新丁','290番地5号','022-222-2222','東北'),
('2003','150-3333','東京','東村山市','野口町1丁目','716番地16号','03-3333-3333','関東'),
('2004','450-4444','愛知','名古屋市','南区本地通3丁目','932番地10号','052-444-4444','東海'),
('2005','560-5555','大阪','守口市','八雲東町1丁目','975番地20号','06-5555-5555','関西'),
('2006','738-6666','広島','呉市','川尻町小仁方4丁目','295番地14号','0829-66-6666','中国'),
('2007','810-7777','福岡','宗像市','大谷','991番地9号','092-777-7777','九州')
;

/* Table No. 3 */
/*Table structure for table orderdetails */
DROP TABLE IF EXISTS orderdetails;

CREATE TABLE orderdetails (
  orderNumber int(11) NOT NULL comment '注文番号',
  productCode varchar(15) NOT NULL comment '商品コード',
  quantityOrdered int(11) NOT NULL comment '注文数量',
  priceEach decimal(10,2) NOT NULL comment '商品単価',
  orderLineNumber smallint(6) NOT NULL comment '注文説明番号',
  PRIMARY KEY (orderNumber,productCode),
  KEY productCode (productCode)
) ENGINE=InnoDB 
DEFAULT CHARSET=utf8mb4 COLLATE=utf8mb4_0900_ai_ci
comment='注文明細'
;

/*Data for the table orderdetails */
insert  into orderdetails(orderNumber,productCode,quantityOrdered,priceEach,orderLineNumber) values 
(40100,'S18_1749',30,'13600.82',3),
(40100,'S18_2248',50,'5509.91',2),
(40100,'S18_4409',22,'7546.28',4),
(40100,'S24_3969',49,'3529.11',1),
(40101,'S18_2325',25,'10806.88',4),
(40101,'S18_2795',26,'16706.88',1),
(40101,'S24_1937',45,'3253.35',3),
(40101,'S24_2022',46,'4435.17',2),
(40102,'S18_1342',39,'9555.37',2),
(40102,'S18_1367',41,'4313.95',1),
(40103,'S10_1949',26,'21430.12',11),
(40103,'S10_4962',42,'11967.49',4),
(40103,'S12_1666',27,'12164.46',8),
(40103,'S18_1097',35,'9450.32',10),
(40103,'S18_2432',22,'5834.16',2),
(40103,'S18_2949',27,'9219.01',12),
(40103,'S18_2957',35,'6184.66',14),
(40103,'S18_3136',25,'8692.74',13),
(40103,'S18_3320',46,'8631.13',16),
(40103,'S18_4600',36,'9807.89',5),
(40103,'S18_4668',41,'4075.57',9),
(40103,'S24_2300',36,'10734.16',1),
(40103,'S24_4258',25,'8862.44',15),
(40103,'S32_1268',31,'9246.28',3),
(40103,'S32_3522',45,'6335.17',7),
(40103,'S700_2824',42,'9407.89',6),
(40104,'S12_3148',34,'13144.26',1),
(40104,'S12_4473',41,'11139.21',9),
(40104,'S18_2238',24,'13590.72',8),
(40104,'S18_2319',29,'12273.55',12),
(40104,'S18_3232',23,'16595.77',13),
(40104,'S18_4027',38,'11920.02',3),
(40104,'S24_1444',35,'5202.84',6),
(40104,'S24_2840',44,'3041.23',10),
(40104,'S24_4048',26,'10645.27',5),
(40104,'S32_2509',35,'5195.77',11),
(40104,'S32_3207',49,'5655.37',4),
(40104,'S50_1392',33,'11459.41',7),
(40104,'S50_1514',32,'5331.13',2),
(40105,'S10_4757',50,'12784.66',2),
(40105,'S12_1108',41,'20572.54',15),
(40105,'S12_3891',29,'14188.7',14),
(40105,'S18_3140',22,'13659.41',11),
(40105,'S18_3259',38,'8773.55',13),
(40105,'S18_4522',41,'7548.3',10),
(40105,'S24_2011',43,'11797.79',9),
(40105,'S24_3151',44,'7346.28',4),
(40105,'S24_3816',50,'7547.29',1),
(40105,'S700_1138',41,'5400.82',5),
(40105,'S700_1938',29,'8661.43',12),
(40105,'S700_2610',31,'6072.54',3),
(40105,'S700_3505',39,'9216.98',6),
(40105,'S700_3962',22,'9931.13',7),
(40105,'S72_3212',25,'4477.59',8),
(40106,'S18_1662',36,'13404.86',12),
(40106,'S18_2581',34,'8110.92',2),
(40106,'S18_3029',41,'8086.68',18),
(40106,'S18_3856',41,'9422.04',17),
(40106,'S24_1785',28,'10723.05',4),
(40106,'S24_2841',49,'6577.59',13),
(40106,'S24_3420',31,'5589.71',14),
(40106,'S24_3949',50,'5596.78',11),
(40106,'S24_4278',26,'7100.82',3),
(40106,'S32_4289',33,'6535.17',5),
(40106,'S50_1341',39,'3578.6',6),
(40106,'S700_1691',31,'9134.16',7),
(40106,'S700_2047',30,'8509.91',16),
(40106,'S700_2466',34,'9972.54',9),
(40106,'S700_2834',32,'11390.72',1),
(40106,'S700_3167',44,'7600.82',8),
(40106,'S700_4002',48,'7033.15',10),
(40106,'S72_1253',48,'4370.52',15),
(40107,'S10_1678',30,'8135.17',2),
(40107,'S10_2016',39,'10586.68',5),
(40107,'S10_4698',27,'17236.18',4),
(40107,'S12_2823',21,'12200.82',1),
(40107,'S18_2625',29,'5270.52',6),
(40107,'S24_1578',25,'9692.74',3),
(40107,'S24_2000',38,'7312.94',7),
(40107,'S32_1374',20,'8890.72',8),
(40108,'S12_1099',33,'16538.2',6),
(40108,'S12_3380',45,'9630.12',4),
(40108,'S12_3990',39,'7581.63',7),
(40108,'S12_4675',36,'10710.92',3),
(40108,'S18_1889',38,'6776.58',2),
(40108,'S18_3278',26,'7317.99',9),
(40108,'S18_3482',29,'13229.11',8),
(40108,'S18_3782',43,'5284.66',12),
(40108,'S18_4721',44,'13987.69',11),
(40108,'S24_2360',35,'6441.23',15),
(40108,'S24_3371',30,'6001.83',5),
(40108,'S24_3856',40,'13200.82',1),
(40108,'S24_4620',31,'6710.92',10),
(40108,'S32_2206',27,'3621.03',13),
(40108,'S32_4485',31,'8776.58',16),
(40108,'S50_4713',34,'7485.67',14),
(40109,'S18_1129',26,'11748.3',4),
(40109,'S18_1984',38,'13798.8',3),
(40109,'S18_2870',26,'12672.54',1),
(40109,'S18_3232',46,'16087.69',5),
(40109,'S18_3685',47,'12574.56',2),
(40109,'S24_2972',29,'3210.92',6),
(40110,'S18_1589',37,'11822.04',16),
(40110,'S18_1749',42,'15300.82',7),
(40110,'S18_2248',32,'5146.28',6),
(40110,'S18_2325',33,'11569.51',4),
(40110,'S18_2795',31,'16369.51',1),
(40110,'S18_4409',28,'8191.73',8),
(40110,'S18_4933',42,'6200.82',9),
(40110,'S24_1046',36,'7202.84',13),
(40110,'S24_1628',29,'4327.09',15),
(40110,'S24_1937',20,'2888.7',3),
(40110,'S24_2022',39,'4077.59',2),
(40110,'S24_2766',43,'8269.51',11),
(40110,'S24_2887',46,'11274.56',10),
(40110,'S24_3191',27,'8047.29',12),
(40110,'S24_3432',37,'9637.19',14),
(40110,'S24_3969',48,'3529.11',5),
(40111,'S18_1342',33,'8733.15',6),
(40111,'S18_1367',48,'4852.34',5),
(40111,'S18_2957',28,'5309.91',2),
(40111,'S18_3136',43,'9425.07',1),
(40111,'S18_3320',39,'9127.09',4),
(40111,'S24_4258',26,'8570.52',3),
(40112,'S10_1949',29,'19716.98',1),
(40112,'S18_2949',23,'8510.92',2),
(40113,'S12_1666',21,'12164.46',2),
(40113,'S18_1097',49,'10150.32',4),
(40113,'S18_4668',50,'4327.09',3),
(40113,'S32_3522',23,'5882.64',1),
(40114,'S10_4962',31,'12853.35',8),
(40114,'S18_2319',39,'10678.6',3),
(40114,'S18_2432',45,'5348.3',6),
(40114,'S18_3232',48,'16934.16',4),
(40114,'S18_4600',41,'10534.16',9),
(40114,'S24_2300',21,'10223.05',5),
(40114,'S24_2840',24,'2864.46',1),
(40114,'S32_1268',32,'8861.43',7),
(40114,'S32_2509',28,'4383.65',2),
(40114,'S700_2824',42,'8294.76',10),
(40115,'S12_4473',46,'11139.21',5),
(40115,'S18_2238',46,'14081.63',4),
(40115,'S24_1444',47,'5664.46',2),
(40115,'S24_4048',44,'10645.27',1),
(40115,'S50_1392',27,'10070.52',3),
(40116,'S32_3207',27,'6028.1',1),
(40117,'S12_1108',33,'19533.15',9),
(40117,'S12_3148',43,'14806.88',10),
(40117,'S12_3891',39,'17302.84',8),
(40117,'S18_3140',26,'12157.39',5),
(40117,'S18_3259',21,'8168.5',7),
(40117,'S18_4027',22,'12208.9',12),
(40117,'S18_4522',23,'7373.55',4),
(40117,'S24_2011',41,'11920.02',3),
(40117,'S50_1514',21,'5565.47',11),
(40117,'S700_1938',38,'7535.17',6),
(40117,'S700_3962',45,'8938.2',1),
(40117,'S72_3212',50,'5242.24',2),
(40118,'S700_3505',36,'8615.97',1),
(40119,'S10_4757',46,'11288.7',11),
(40119,'S18_1662',43,'15138.2',3),
(40119,'S18_3029',21,'7484.66',9),
(40119,'S18_3856',27,'9528.1',8),
(40119,'S24_2841',41,'6440.22',4),
(40119,'S24_3151',35,'7258.4',13),
(40119,'S24_3420',20,'6312.94',5),
(40119,'S24_3816',35,'8218',10),
(40119,'S24_3949',28,'6210.92',2),
(40119,'S700_1138',25,'5734.16',14),
(40119,'S700_2047',29,'7423.05',7),
(40119,'S700_2610',38,'6722.04',12),
(40119,'S700_4002',26,'6367.49',1),
(40119,'S72_1253',28,'4022.04',6),
(40120,'S10_2016',29,'11894.76',3),
(40120,'S10_4698',46,'15880.62',2),
(40120,'S18_2581',29,'8279.61',8),
(40120,'S18_2625',46,'5754.36',4),
(40120,'S24_1578',35,'11045.27',1),
(40120,'S24_1785',39,'9301.83',10),
(40120,'S24_2000',34,'7236.18',5),
(40120,'S24_4278',29,'7173.55',9),
(40120,'S32_1374',22,'9490.72',6),
(40120,'S32_4289',29,'6879.61',11),
(40120,'S50_1341',49,'4146.28',12),
(40120,'S700_1691',47,'9134.16',13),
(40120,'S700_2466',24,'8177.59',15),
(40120,'S700_2834',24,'10679.61',7),
(40120,'S700_3167',43,'7200.82',14),
(40121,'S10_1678',34,'8613.95',5),
(40121,'S12_2823',50,'12652.34',4),
(40121,'S24_2360',32,'5818',2),
(40121,'S32_4485',25,'9593.75',3),
(40121,'S50_4713',44,'7241.23',1),
(40122,'S12_1099',42,'15566.48',10),
(40122,'S12_3380',37,'11392.74',8),
(40122,'S12_3990',32,'6544.26',11),
(40122,'S12_4675',20,'10480.62',7),
(40122,'S18_1129',34,'11465.47',2),
(40122,'S18_1889',43,'6237.19',6),
(40122,'S18_1984',31,'11380.62',1),
(40122,'S18_3232',25,'13717.99',3),
(40122,'S18_3278',21,'6915.97',13),
(40122,'S18_3482',21,'13376.58',12),
(40122,'S18_3782',35,'5906.88',16),
(40122,'S18_4721',28,'14582.64',15),
(40122,'S24_2972',39,'3474.56',4),
(40122,'S24_3371',34,'5082.64',9),
(40122,'S24_3856',43,'13622.04',5),
(40122,'S24_4620',29,'6710.92',14),
(40122,'S32_2206',31,'3379.61',17),
(40123,'S18_1589',26,'12071.53',2),
(40123,'S18_2870',46,'11484.66',3),
(40123,'S18_3685',34,'11726.08',4),
(40123,'S24_1628',50,'4327.09',1),
(40124,'S18_1749',21,'15300.82',6),
(40124,'S18_2248',42,'5812.94',5),
(40124,'S18_2325',42,'11187.69',3),
(40124,'S18_4409',36,'7546.28',7),
(40124,'S18_4933',23,'6628.1',8),
(40124,'S24_1046',22,'6247.29',12),
(40124,'S24_1937',45,'3053.35',2),
(40124,'S24_2022',22,'3629.11',1),
(40124,'S24_2766',32,'7451.33',10),
(40124,'S24_2887',25,'9395.77',9),
(40124,'S24_3191',49,'7619.01',11),
(40124,'S24_3432',43,'10173.55',13),
(40124,'S24_3969',46,'3611.93',4),
(40125,'S18_1342',32,'8938.2',1),
(40125,'S18_2795',34,'13838.2',2),
(40126,'S10_1949',38,'20573.55',11),
(40126,'S10_4962',22,'12262.44',4),
(40126,'S12_1666',21,'13530.12',8),
(40126,'S18_1097',38,'11667.49',10),
(40126,'S18_1367',42,'5121.03',17),
(40126,'S18_2432',43,'5105.87',2),
(40126,'S18_2949',31,'9321.03',12),
(40126,'S18_2957',46,'6184.66',14),
(40126,'S18_3136',30,'9320.02',13),
(40126,'S18_3320',38,'9425.07',16),
(40126,'S18_4600',50,'10292.74',5),
(40126,'S18_4668',43,'4729.11',9),
(40126,'S24_2300',27,'12268.5',1),
(40126,'S24_4258',34,'8376.58',15),
(40126,'S32_1268',43,'8283.65',3),
(40126,'S32_3522',26,'6205.87',7),
(40126,'S700_2824',45,'9710.92',6),
(40127,'S12_1108',46,'19325.07',2),
(40127,'S12_3148',46,'14050.32',3),
(40127,'S12_3891',42,'16956.38',1),
(40127,'S12_4473',24,'10073.55',11),
(40127,'S18_2238',45,'14081.63',10),
(40127,'S18_2319',45,'11414.96',14),
(40127,'S18_3232',22,'14902.84',15),
(40127,'S18_4027',25,'12639.21',5),
(40127,'S24_1444',20,'5086.68',8),
(40127,'S24_2840',39,'3430.12',12),
(40127,'S24_4048',20,'10763.45',7),
(40127,'S32_2509',45,'4653.35',13),
(40127,'S32_3207',29,'6090.72',6),
(40127,'S50_1392',46,'11112.94',9),
(40127,'S50_1514',46,'5565.47',4),
(40128,'S18_3140',41,'12020.02',2),
(40128,'S18_3259',41,'8067.49',4),
(40128,'S18_4522',43,'7724.06',1),
(40128,'S700_1938',32,'7275.57',3),
(40129,'S10_4757',33,'12376.58',2),
(40129,'S24_2011',45,'11306.88',9),
(40129,'S24_3151',41,'8143.25',4),
(40129,'S24_3816',50,'7631.13',1),
(40129,'S700_1138',31,'5867.49',5),
(40129,'S700_2610',45,'7228.1',3),
(40129,'S700_3505',42,'9015.97',6),
(40129,'S700_3962',30,'9434.16',7),
(40129,'S72_3212',32,'4423.05',8),
(40130,'S18_3029',40,'6882.64',2),
(40130,'S18_3856',33,'9952.34',1),
(40131,'S18_1662',21,'14192.74',4),
(40131,'S24_2841',35,'6097.79',5),
(40131,'S24_3420',29,'5260.42',6),
(40131,'S24_3949',50,'5459.41',3),
(40131,'S700_2047',22,'7694.76',8),
(40131,'S700_2466',40,'8676.58',1),
(40131,'S700_4002',26,'6367.49',2),
(40131,'S72_1253',21,'4022.04',7),
(40132,'S700_3167',36,'8000.82',1),
(40133,'S18_2581',49,'8026.08',3),
(40133,'S24_1785',41,'10942.24',5),
(40133,'S24_4278',46,'6158.4',4),
(40133,'S32_1374',23,'8091.73',1),
(40133,'S32_4289',49,'6741.23',6),
(40133,'S50_1341',27,'3709.91',7),
(40133,'S700_1691',24,'7673.55',8),
(40133,'S700_2834',27,'11509.91',2),
(40134,'S10_1678',41,'9092.74',2),
(40134,'S10_2016',27,'11656.38',5),
(40134,'S10_4698',31,'18785.67',4),
(40134,'S12_2823',20,'13104.86',1),
(40134,'S18_2625',30,'5148.3',6),
(40134,'S24_1578',35,'9467.49',3),
(40134,'S24_2000',43,'7541.23',7),
(40135,'S12_1099',42,'17317.99',7),
(40135,'S12_3380',48,'11039.21',5),
(40135,'S12_3990',24,'7262.44',8),
(40135,'S12_4675',29,'10364.46',4),
(40135,'S18_1889',48,'6699.81',3),
(40135,'S18_3278',45,'6594.76',10),
(40135,'S18_3482',42,'13964.46',9),
(40135,'S18_3782',45,'4974.56',13),
(40135,'S18_4721',31,'13392.74',12),
(40135,'S24_2360',29,'6718',16),
(40135,'S24_2972',20,'3436.18',1),
(40135,'S24_3371',27,'5205.87',6),
(40135,'S24_3856',47,'13903.85',2),
(40135,'S24_4620',23,'7680.62',11),
(40135,'S32_2206',33,'3862.44',14),
(40135,'S32_4485',30,'9185.67',17),
(40135,'S50_4713',44,'7892.74',15),
(40136,'S18_1129',25,'11748.3',2),
(40136,'S18_1984',36,'12091.73',1),
(40136,'S18_3232',41,'16934.16',3),
(40137,'S18_1589',44,'11573.55',2),
(40137,'S18_2870',37,'11088.7',3),
(40137,'S18_3685',31,'11868.5',4),
(40137,'S24_1628',26,'4025.07',1),
(40138,'S18_1749',33,'14960.42',6),
(40138,'S18_2248',22,'5146.28',5),
(40138,'S18_2325',38,'11442.24',3),
(40138,'S18_4409',47,'7915.97',7),
(40138,'S18_4933',23,'6486.68',8),
(40138,'S24_1046',45,'5953.35',12),
(40138,'S24_1937',22,'3319.01',2),
(40138,'S24_2022',33,'3853.35',1),
(40138,'S24_2766',28,'7360.42',10),
(40138,'S24_2887',30,'9630.12',9),
(40138,'S24_3191',49,'7705.87',11),
(40138,'S24_3432',21,'9958.4',13),
(40138,'S24_3969',29,'3282.64',4),
(40139,'S18_1342',31,'8938.2',7),
(40139,'S18_1367',49,'5283.65',6),
(40139,'S18_2795',41,'15188.7',8),
(40139,'S18_2949',46,'9118',1),
(40139,'S18_2957',20,'5247.29',3),
(40139,'S18_3136',20,'10158.4',2),
(40139,'S18_3320',30,'8135.17',5),
(40139,'S24_4258',29,'9349.31',4),
(40140,'S10_1949',37,'18644.26',11),
(40140,'S10_4962',26,'13149.31',4),
(40140,'S12_1666',38,'11890.72',8),
(40140,'S18_1097',32,'9567.49',10),
(40140,'S18_2432',46,'5105.87',2),
(40140,'S18_4600',40,'10050.32',5),
(40140,'S18_4668',29,'4025.07',9),
(40140,'S24_2300',47,'11884.66',1),
(40140,'S32_1268',26,'8764.46',3),
(40140,'S32_3522',28,'6205.87',7),
(40140,'S700_2824',36,'10115.97',6),
(40141,'S12_4473',21,'11495.77',5),
(40141,'S18_2238',39,'16046.28',4),
(40141,'S18_2319',47,'10309.91',8),
(40141,'S18_3232',34,'14394.76',9),
(40141,'S24_1444',20,'5086.68',2),
(40141,'S24_2840',21,'3218',6),
(40141,'S24_4048',40,'10409.91',1),
(40141,'S32_2509',24,'5303.85',7),
(40141,'S50_1392',44,'9492.74',3),
(40142,'S12_1108',33,'16624.06',12),
(40142,'S12_3148',33,'14050.32',13),
(40142,'S12_3891',46,'16783.65',11),
(40142,'S18_3140',47,'12976.58',8),
(40142,'S18_3259',22,'9580.62',10),
(40142,'S18_4027',24,'12208.9',15),
(40142,'S18_4522',24,'7987.69',7),
(40142,'S24_2011',33,'11429.11',6),
(40142,'S24_3151',49,'7435.17',1),
(40142,'S32_3207',42,'6090.72',16),
(40142,'S50_1514',42,'5624.06',14),
(40142,'S700_1138',41,'5534.16',2),
(40142,'S700_1938',43,'7708.9',9),
(40142,'S700_3505',21,'9216.98',3),
(40142,'S700_3962',38,'9137.19',4),
(40142,'S72_3212',39,'4696.78',5),
(40143,'S10_4757',49,'13328.1',15),
(40143,'S18_1662',32,'12615.97',7),
(40143,'S18_3029',46,'7054.36',13),
(40143,'S18_3856',34,'9952.34',12),
(40143,'S24_2841',27,'6371.53',8),
(40143,'S24_3420',33,'5983.65',9),
(40143,'S24_3816',23,'7464.46',14),
(40143,'S24_3949',28,'5596.78',6),
(40143,'S50_1341',34,'3491.73',1),
(40143,'S700_1691',36,'8677.59',2),
(40143,'S700_2047',26,'8780.62',11),
(40143,'S700_2466',26,'7978.6',4),
(40143,'S700_2610',31,'6939.21',16),
(40143,'S700_3167',28,'7040.22',3),
(40143,'S700_4002',34,'6515.97',5),
(40143,'S72_1253',37,'4966.48',10),
(40144,'S32_4289',20,'5641.23',1),
(40145,'S10_1678',45,'7656.38',6),
(40145,'S10_2016',37,'10467.49',9),
(40145,'S10_4698',33,'15493.75',8),
(40145,'S12_2823',49,'14610.92',5),
(40145,'S18_2581',30,'7181.63',14),
(40145,'S18_2625',30,'5270.52',10),
(40145,'S24_1578',43,'10368.5',7),
(40145,'S24_1785',40,'8754.36',16),
(40145,'S24_2000',47,'6398.8',11),
(40145,'S24_2360',27,'5610.92',3),
(40145,'S24_4278',33,'7173.55',15),
(40145,'S32_1374',33,'9989.71',12),
(40145,'S32_2206',31,'3943.25',1),
(40145,'S32_4485',27,'9593.75',4),
(40145,'S50_4713',38,'7322.04',2),
(40145,'S700_2834',20,'11390.72',13),
(40146,'S18_3782',47,'6030.12',2),
(40146,'S18_4721',29,'13094.76',1),
(40147,'S12_1099',48,'16149.31',7),
(40147,'S12_3380',31,'11039.21',5),
(40147,'S12_3990',21,'7421.03',8),
(40147,'S12_4675',33,'9789.71',4),
(40147,'S18_1889',26,'7084.66',3),
(40147,'S18_3278',36,'7478.6',10),
(40147,'S18_3482',37,'12935.17',9),
(40147,'S24_2972',25,'3323.05',1),
(40147,'S24_3371',30,'4898.8',6),
(40147,'S24_3856',23,'12358.4',2),
(40147,'S24_4620',31,'7276.58',11),
(40148,'S18_1129',23,'11465.47',13),
(40148,'S18_1589',47,'10826.08',9),
(40148,'S18_1984',25,'13656.38',12),
(40148,'S18_2870',27,'11352.34',10),
(40148,'S18_3232',32,'14394.76',14),
(40148,'S18_3685',28,'13563.45',11),
(40148,'S18_4409',34,'8375.57',1),
(40148,'S18_4933',29,'6628.1',2),
(40148,'S24_1046',25,'6541.23',6),
(40148,'S24_1628',47,'4629.11',8),
(40148,'S24_2766',21,'7724.06',4),
(40148,'S24_2887',34,'11509.91',3),
(40148,'S24_3191',31,'7191.73',5),
(40148,'S24_3432',27,'9637.19',7),
(40149,'S18_1342',50,'8733.15',4),
(40149,'S18_1367',30,'4852.34',3),
(40149,'S18_1749',34,'15640.22',11),
(40149,'S18_2248',24,'5085.67',10),
(40149,'S18_2325',33,'12586.68',8),
(40149,'S18_2795',23,'16706.88',5),
(40149,'S18_3320',42,'8929.11',2),
(40149,'S24_1937',36,'3120.02',7),
(40149,'S24_2022',49,'3987.69',6),
(40149,'S24_3969',26,'3857.39',9),
(40149,'S24_4258',20,'9057.39',1),
(40150,'S10_1949',45,'18216.98',8),
(40150,'S10_4962',20,'12115.97',1),
(40150,'S12_1666',30,'13530.12',5),
(40150,'S18_1097',34,'9567.49',7),
(40150,'S18_2949',47,'9321.03',9),
(40150,'S18_2957',30,'5621.03',11),
(40150,'S18_3136',26,'9739.21',10),
(40150,'S18_4600',49,'11139.21',2),
(40150,'S18_4668',30,'4729.11',6),
(40150,'S32_3522',49,'6205.87',4),
(40150,'S700_2824',20,'9508.9',3),
(40151,'S12_4473',24,'11495.77',3),
(40151,'S18_2238',43,'15227.09',2),
(40151,'S18_2319',49,'10678.6',6),
(40151,'S18_2432',39,'5834.16',9),
(40151,'S18_3232',21,'16765.47',7),
(40151,'S24_2300',42,'10990.72',8),
(40151,'S24_2840',30,'2935.17',4),
(40151,'S32_1268',27,'8475.57',10),
(40151,'S32_2509',41,'4329.11',5),
(40151,'S50_1392',26,'10881.63',1),
(40152,'S18_4027',35,'11777.59',1),
(40152,'S24_1444',25,'4913.95',4),
(40152,'S24_4048',23,'11237.19',3),
(40152,'S32_3207',33,'5717.99',2),
(40153,'S12_1108',20,'20157.39',11),
(40153,'S12_3148',42,'12842.24',12),
(40153,'S12_3891',49,'15572.54',10),
(40153,'S18_3140',31,'12566.48',7),
(40153,'S18_3259',29,'8269.51',9),
(40153,'S18_4522',22,'8250.32',6),
(40153,'S24_2011',40,'11183.65',5),
(40153,'S50_1514',31,'5331.13',13),
(40153,'S700_1138',43,'5800.82',1),
(40153,'S700_1938',31,'8055.37',8),
(40153,'S700_3505',50,'8715.97',2),
(40153,'S700_3962',20,'8541.23',3),
(40153,'S72_3212',50,'5187.69',4),
(40154,'S24_3151',31,'7523.05',2),
(40154,'S700_2610',36,'5927.09',1),
(40155,'S10_4757',32,'12920.02',13),
(40155,'S18_1662',38,'13877.59',5),
(40155,'S18_3029',44,'8344.26',11),
(40155,'S18_3856',29,'10587.69',10),
(40155,'S24_2841',23,'6234.16',6),
(40155,'S24_3420',34,'5655.37',7),
(40155,'S24_3816',37,'7631.13',12),
(40155,'S24_3949',44,'5869.51',4),
(40155,'S700_2047',32,'8961.43',9),
(40155,'S700_2466',20,'8775.57',2),
(40155,'S700_3167',43,'7680.62',1),
(40155,'S700_4002',44,'7033.15',3),
(40155,'S72_1253',34,'4916.98',8),
(40156,'S50_1341',20,'4364.46',1),
(40156,'S700_1691',48,'7764.46',2),
(40157,'S18_2581',33,'6927.09',3),
(40157,'S24_1785',40,'8972.54',5),
(40157,'S24_4278',33,'6665.47',4),
(40157,'S32_1374',34,'8391.73',1),
(40157,'S32_4289',28,'5641.23',6),
(40157,'S700_2834',48,'10916.98',2),
(40158,'S24_2000',22,'6779.61',1),
(40159,'S10_1678',49,'8135.17',14),
(40159,'S10_2016',37,'10110.92',17),
(40159,'S10_4698',22,'17042.24',16),
(40159,'S12_1099',41,'18873.55',2),
(40159,'S12_2823',38,'13104.86',13),
(40159,'S12_3990',24,'6703.85',3),
(40159,'S18_2625',42,'5148.3',18),
(40159,'S18_3278',21,'6674.56',5),
(40159,'S18_3482',25,'12935.17',4),
(40159,'S18_3782',21,'5471.53',8),
(40159,'S18_4721',32,'14285.67',7),
(40159,'S24_1578',44,'10030.12',15),
(40159,'S24_2360',27,'6718',11),
(40159,'S24_3371',50,'4960.42',1),
(40159,'S24_4620',23,'8084.66',6),
(40159,'S32_2206',35,'3943.25',9),
(40159,'S32_4485',23,'8674.56',12),
(40159,'S50_4713',31,'7811.93',10),
(40160,'S12_3380',46,'9630.12',6),
(40160,'S12_4675',50,'9328.1',5),
(40160,'S18_1889',38,'7084.66',4),
(40160,'S18_3232',20,'14055.37',1),
(40160,'S24_2972',42,'3059.41',2),
(40160,'S24_3856',35,'13060.42',3),
(40161,'S18_1129',28,'12172.54',12),
(40161,'S18_1589',43,'10204.86',8),
(40161,'S18_1984',48,'13941.23',11),
(40161,'S18_2870',23,'12540.22',9),
(40161,'S18_3685',36,'13280.62',10),
(40161,'S18_4933',25,'6272.54',1),
(40161,'S24_1046',37,'7349.31',5),
(40161,'S24_1628',23,'4729.11',7),
(40161,'S24_2766',20,'8269.51',3),
(40161,'S24_2887',25,'10804.86',2),
(40161,'S24_3191',20,'7277.59',4),
(40161,'S24_3432',30,'9423.05',6),
(40162,'S18_1342',48,'8733.15',2),
(40162,'S18_1367',45,'4528.1',1),
(40162,'S18_1749',29,'14110.92',9),
(40162,'S18_2248',27,'5328.1',8),
(40162,'S18_2325',38,'11315.97',6),
(40162,'S18_2795',48,'15694.76',3),
(40162,'S18_4409',39,'8651.33',10),
(40162,'S24_1937',37,'2755.37',5),
(40162,'S24_2022',43,'3898.8',4),
(40162,'S24_3969',37,'3282.64',7),
(40163,'S10_1949',21,'21216.98',1),
(40163,'S18_2949',31,'10131.13',2),
(40163,'S18_2957',48,'5996.78',4),
(40163,'S18_3136',40,'10158.4',3),
(40163,'S18_3320',43,'8036.18',6),
(40163,'S24_4258',42,'9642.24',5),
(40164,'S10_4962',21,'14331.13',2),
(40164,'S12_1666',49,'12164.46',6),
(40164,'S18_1097',36,'10384.66',8),
(40164,'S18_4600',45,'10776.58',3),
(40164,'S18_4668',25,'4629.11',7),
(40164,'S32_1268',24,'9149.31',1),
(40164,'S32_3522',49,'5753.35',5),
(40164,'S700_2824',39,'8699.81',4),
(40165,'S12_1108',44,'16832.14',3),
(40165,'S12_3148',34,'12389.71',4),
(40165,'S12_3891',27,'15226.08',2),
(40165,'S12_4473',48,'10902.84',12),
(40165,'S18_2238',29,'13426.08',11),
(40165,'S18_2319',46,'12028.1',15),
(40165,'S18_2432',31,'6077.59',18),
(40165,'S18_3232',47,'15410.92',16),
(40165,'S18_3259',50,'8471.53',1),
(40165,'S18_4027',28,'12351.33',6),
(40165,'S24_1444',25,'4682.64',9),
(40165,'S24_2300',32,'11757.39',17),
(40165,'S24_2840',27,'3112.94',13),
(40165,'S24_4048',24,'10645.27',8),
(40165,'S32_2509',48,'5086.68',14),
(40165,'S32_3207',44,'5530.12',7),
(40165,'S50_1392',48,'10649.31',10),
(40165,'S50_1514',38,'4921.03',5),
(40166,'S18_3140',43,'13659.41',2),
(40166,'S18_4522',26,'7285.67',1),
(40166,'S700_1938',29,'7622.04',3),
(40167,'S10_4757',44,'12376.58',9),
(40167,'S18_1662',43,'14192.74',1),
(40167,'S18_3029',46,'6968.5',7),
(40167,'S18_3856',34,'8470.52',6),
(40167,'S24_2011',33,'11060.42',16),
(40167,'S24_2841',21,'5481.63',2),
(40167,'S24_3151',20,'7700.82',11),
(40167,'S24_3420',32,'6444.26',3),
(40167,'S24_3816',29,'7380.62',8),
(40167,'S700_1138',43,'6600.82',12),
(40167,'S700_2047',29,'8780.62',5),
(40167,'S700_2610',46,'6216.98',10),
(40167,'S700_3505',24,'8514.96',13),
(40167,'S700_3962',28,'8342.24',14),
(40167,'S72_1253',40,'4271.53',4),
(40167,'S72_3212',38,'4368.5',15),
(40168,'S10_1678',36,'9474.56',1),
(40168,'S10_2016',27,'9753.35',4),
(40168,'S10_4698',20,'16074.56',3),
(40168,'S18_2581',21,'7519.01',9),
(40168,'S18_2625',46,'4906.88',5),
(40168,'S24_1578',50,'10368.5',2),
(40168,'S24_1785',49,'9301.83',11),
(40168,'S24_2000',29,'7236.18',6),
(40168,'S24_3949',27,'5732.14',18),
(40168,'S24_4278',48,'6810.92',10),
(40168,'S32_1374',28,'8990.72',7),
(40168,'S32_4289',31,'5778.6',12),
(40168,'S50_1341',48,'3971.53',13),
(40168,'S700_1691',28,'9134.16',14),
(40168,'S700_2466',31,'8775.57',16),
(40168,'S700_2834',36,'9492.74',8),
(40168,'S700_3167',48,'7200.82',15),
(40168,'S700_4002',39,'6737.19',17),
(40169,'S12_1099',30,'16344.26',2),
(40169,'S12_2823',35,'12652.34',13),
(40169,'S12_3990',36,'7182.64',3),
(40169,'S18_3278',32,'6513.95',5),
(40169,'S18_3482',36,'13670.52',4),
(40169,'S18_3782',38,'5284.66',8),
(40169,'S18_4721',33,'12053.35',7),
(40169,'S24_2360',38,'6649.31',11),
(40169,'S24_3371',34,'5327.09',1),
(40169,'S24_4620',24,'7761.43',6),
(40169,'S32_2206',26,'3701.83',9),
(40169,'S32_4485',34,'8368.5',12),
(40169,'S50_4713',48,'7566.48',10),
(40170,'S12_3380',47,'11627.09',4),
(40170,'S12_4675',41,'9328.1',3),
(40170,'S18_1889',20,'7007.89',2),
(40170,'S24_3856',34,'13060.42',1),
(40171,'S18_1129',35,'13446.28',2),
(40171,'S18_1984',35,'12803.85',1),
(40171,'S18_3232',39,'16595.77',3),
(40171,'S24_2972',36,'3474.56',4),
(40172,'S18_1589',42,'10951.33',6),
(40172,'S18_2870',39,'11748.3',7),
(40172,'S18_3685',48,'13987.69',8),
(40172,'S24_1046',32,'6100.82',3),
(40172,'S24_1628',34,'4327.09',5),
(40172,'S24_2766',22,'7997.79',1),
(40172,'S24_3191',24,'7791.73',2),
(40172,'S24_3432',22,'8781.63',4),
(40173,'S18_1342',43,'10171.53',6),
(40173,'S18_1367',48,'5175.57',5),
(40173,'S18_1749',24,'16830.12',13),
(40173,'S18_2248',26,'5509.91',12),
(40173,'S18_2325',31,'12713.95',10),
(40173,'S18_2795',22,'14006.88',7),
(40173,'S18_2957',28,'5684.66',2),
(40173,'S18_3136',31,'8692.74',1),
(40173,'S18_3320',29,'9028.1',4),
(40173,'S18_4409',21,'7731.13',14),
(40173,'S18_4933',39,'5844.26',15),
(40173,'S24_1937',31,'2987.69',9),
(40173,'S24_2022',27,'3942.24',8),
(40173,'S24_2887',23,'9865.47',16),
(40173,'S24_3969',35,'3570.52',11),
(40173,'S24_4258',22,'9349.31',3),
(40174,'S10_1949',34,'20787.69',4),
(40174,'S12_1666',43,'11344.26',1),
(40174,'S18_1097',48,'10850.32',3),
(40174,'S18_2949',46,'10030.12',5),
(40174,'S18_4668',49,'4427.09',2),
(40175,'S10_4962',33,'11967.49',9),
(40175,'S12_4473',26,'10902.84',1),
(40175,'S18_2319',48,'10187.69',4),
(40175,'S18_2432',41,'5955.37',7),
(40175,'S18_3232',29,'15071.53',5),
(40175,'S18_4600',47,'10292.74',10),
(40175,'S24_2300',28,'12140.22',6),
(40175,'S24_2840',37,'3218',2),
(40175,'S32_1268',22,'8957.39',8),
(40175,'S32_2509',50,'5086.68',3),
(40175,'S32_3522',29,'5624.06',12),
(40175,'S700_2824',42,'8092.74',11),
(40176,'S12_1108',33,'16624.06',2),
(40176,'S12_3148',47,'14504.86',3),
(40176,'S12_3891',50,'16091.73',1),
(40176,'S18_2238',20,'13917.99',10),
(40176,'S18_4027',36,'14075.57',5),
(40176,'S24_1444',27,'5549.31',8),
(40176,'S24_4048',29,'10172.54',7),
(40176,'S32_3207',22,'6214.96',6),
(40176,'S50_1392',23,'10996.78',9),
(40176,'S50_1514',38,'5214.96',4),
(40177,'S18_3140',23,'11337.19',9),
(40177,'S18_3259',29,'9277.59',11),
(40177,'S18_4522',35,'8250.32',8),
(40177,'S24_2011',50,'11552.34',7),
(40177,'S24_3151',45,'7966.48',2),
(40177,'S700_1138',24,'5867.49',3),
(40177,'S700_1938',31,'7795.77',10),
(40177,'S700_2610',32,'6433.15',1),
(40177,'S700_3505',44,'8815.97',4),
(40177,'S700_3962',24,'8342.24',5),
(40177,'S72_3212',40,'5296.78',6),
(40178,'S10_4757',24,'13192.74',12),
(40178,'S18_1662',42,'12773.55',4),
(40178,'S18_3029',41,'7054.36',10),
(40178,'S18_3856',48,'10481.63',9),
(40178,'S24_2841',34,'6782.64',5),
(40178,'S24_3420',27,'6575.57',6),
(40178,'S24_3816',21,'6877.59',11),
(40178,'S24_3949',30,'6415.97',3),
(40178,'S700_2047',34,'8690.72',8),
(40178,'S700_2466',22,'9174.56',1),
(40178,'S700_4002',45,'6811.93',2),
(40178,'S72_1253',45,'4171.53',7),
(40179,'S18_2581',24,'8279.61',3),
(40179,'S24_1785',47,'10504.86',5),
(40179,'S24_4278',27,'6665.47',4),
(40179,'S32_1374',45,'8690.72',1),
(40179,'S32_4289',24,'6397.79',6),
(40179,'S50_1341',34,'4320.02',7),
(40179,'S700_1691',23,'7581.63',8),
(40179,'S700_2834',25,'9848.3',2),
(40179,'S700_3167',39,'8000.82',9),
(40180,'S10_1678',29,'7656.38',9),
(40180,'S10_2016',42,'9991.73',12),
(40180,'S10_4698',41,'16461.43',11),
(40180,'S12_2823',40,'13104.86',8),
(40180,'S18_2625',25,'4846.28',13),
(40180,'S18_3782',21,'5906.88',3),
(40180,'S18_4721',44,'14731.13',2),
(40180,'S24_1578',48,'9805.87',10),
(40180,'S24_2000',28,'6170.52',14),
(40180,'S24_2360',35,'6095.77',6),
(40180,'S24_4620',28,'6871.53',1),
(40180,'S32_2206',34,'3339.21',4),
(40180,'S32_4485',22,'10205.87',7),
(40180,'S50_4713',21,'7485.67',5),
(40181,'S12_1099',27,'15566.48',14),
(40181,'S12_3380',28,'11392.74',12),
(40181,'S12_3990',20,'6703.85',15),
(40181,'S12_4675',36,'10710.92',11),
(40181,'S18_1129',44,'12456.38',6),
(40181,'S18_1589',42,'12444.26',2),
(40181,'S18_1889',22,'7469.51',10),
(40181,'S18_1984',21,'12945.27',5),
(40181,'S18_2870',27,'13068.5',3),
(40181,'S18_3232',45,'14733.15',7),
(40181,'S18_3278',30,'7317.99',17),
(40181,'S18_3482',22,'12053.35',16),
(40181,'S18_3685',39,'13704.86',4),
(40181,'S24_1628',34,'4528.1',1),
(40181,'S24_2972',37,'3285.67',8),
(40181,'S24_3371',23,'5449.31',13),
(40181,'S24_3856',25,'12217.99',9),
(40182,'S18_1342',25,'8322.04',3),
(40182,'S18_1367',32,'4421.03',2),
(40182,'S18_1749',44,'15980.62',10),
(40182,'S18_2248',38,'5449.31',9),
(40182,'S18_2325',20,'10552.34',7),
(40182,'S18_2795',21,'13500.82',4),
(40182,'S18_3320',33,'8631.13',1),
(40182,'S18_4409',36,'8835.17',11),
(40182,'S18_4933',44,'6129.11',12),
(40182,'S24_1046',47,'6320.02',16),
(40182,'S24_1937',39,'3186.68',6),
(40182,'S24_2022',31,'3987.69',5),
(40182,'S24_2766',36,'8724.06',14),
(40182,'S24_2887',20,'11627.09',13),
(40182,'S24_3191',33,'7362.44',15),
(40182,'S24_3432',49,'9530.12',17),
(40182,'S24_3969',23,'3488.7',8),
(40183,'S10_1949',23,'18001.83',8),
(40183,'S10_4962',28,'12706.88',1),
(40183,'S12_1666',41,'11480.62',5),
(40183,'S18_1097',21,'10850.32',7),
(40183,'S18_2949',37,'9118',9),
(40183,'S18_2957',39,'5122.04',11),
(40183,'S18_3136',22,'9006.88',10),
(40183,'S18_4600',21,'11866.48',2),
(40183,'S18_4668',40,'4226.08',6),
(40183,'S24_4258',47,'8181.63',12),
(40183,'S32_3522',49,'5236.18',4),
(40183,'S700_2824',23,'8598.8',3),
(40184,'S12_4473',37,'10547.29',6),
(40184,'S18_2238',46,'14572.54',5),
(40184,'S18_2319',46,'11905.87',9),
(40184,'S18_2432',44,'6077.59',12),
(40184,'S18_3232',28,'16595.77',10),
(40184,'S24_1444',31,'5722.04',3),
(40184,'S24_2300',24,'11757.39',11),
(40184,'S24_2840',42,'3006.88',7),
(40184,'S24_4048',49,'11473.55',2),
(40184,'S32_1268',46,'8475.57',13),
(40184,'S32_2509',33,'5249.31',8),
(40184,'S32_3207',48,'5903.85',1),
(40184,'S50_1392',45,'9260.42',4),
(40185,'S12_1108',21,'19533.15',13),
(40185,'S12_3148',33,'14655.37',14),
(40185,'S12_3891',43,'14707.89',12),
(40185,'S18_3140',28,'12430.12',9),
(40185,'S18_3259',49,'9479.61',11),
(40185,'S18_4027',39,'12782.64',16),
(40185,'S18_4522',47,'8777.59',8),
(40185,'S24_2011',30,'10569.51',7),
(40185,'S24_3151',33,'8320.02',2),
(40185,'S50_1514',20,'4686.68',15),
(40185,'S700_1138',21,'6467.49',3),
(40185,'S700_1938',30,'7968.5',10),
(40185,'S700_2610',39,'6144.26',1),
(40185,'S700_3505',37,'9917.99',4),
(40185,'S700_3962',22,'9335.17',5),
(40185,'S72_3212',28,'4750.32',6),
(40186,'S10_4757',26,'10880.62',9),
(40186,'S18_1662',32,'13719.01',1),
(40186,'S18_3029',32,'7312.94',7),
(40186,'S18_3856',46,'9846.28',6),
(40186,'S24_2841',22,'6029.11',2),
(40186,'S24_3420',21,'5983.65',3),
(40186,'S24_3816',36,'6877.59',8),
(40186,'S700_2047',24,'8056.38',5),
(40186,'S72_1253',28,'4271.53',4),
(40187,'S18_2581',45,'7012.94',1),
(40187,'S24_1785',46,'9629.11',3),
(40187,'S24_3949',43,'5596.78',10),
(40187,'S24_4278',33,'6448.3',2),
(40187,'S32_4289',31,'6122.04',4),
(40187,'S50_1341',41,'3971.53',5),
(40187,'S700_1691',34,'8495.77',6),
(40187,'S700_2466',44,'9573.55',8),
(40187,'S700_3167',34,'7200.82',7),
(40187,'S700_4002',44,'7033.15',9),
(40188,'S10_1678',48,'9570.52',1),
(40188,'S10_2016',38,'11180.62',4),
(40188,'S10_4698',45,'18204.86',3),
(40188,'S18_2625',32,'5209.91',5),
(40188,'S24_1578',25,'9580.62',2),
(40188,'S24_2000',40,'6170.52',6),
(40188,'S32_1374',44,'8191.73',7),
(40188,'S700_2834',29,'9611.93',8),
(40189,'S12_2823',28,'13857.39',1),
(40190,'S24_2360',42,'5887.69',3),
(40190,'S32_2206',46,'3862.44',1),
(40190,'S32_4485',42,'8980.62',4),
(40190,'S50_4713',40,'6753.35',2),
(40191,'S12_1099',21,'15566.48',3),
(40191,'S12_3380',40,'10452.34',1),
(40191,'S12_3990',30,'7022.04',4),
(40191,'S18_3278',36,'7559.41',6),
(40191,'S18_3482',23,'11906.88',5),
(40191,'S18_3782',43,'6093.75',9),
(40191,'S18_4721',32,'13690.72',8),
(40191,'S24_3371',48,'5327.09',2),
(40191,'S24_4620',44,'7761.43',7),
(40192,'S12_4675',27,'9904.86',16),
(40192,'S18_1129',22,'14012.94',11),
(40192,'S18_1589',29,'10080.62',7),
(40192,'S18_1889',45,'7084.66',15),
(40192,'S18_1984',47,'12803.85',10),
(40192,'S18_2870',38,'11088.7',8),
(40192,'S18_3232',26,'13717.99',12),
(40192,'S18_3685',45,'12574.56',9),
(40192,'S24_1046',37,'7202.84',4),
(40192,'S24_1628',47,'4930.12',6),
(40192,'S24_2766',46,'8633.15',2),
(40192,'S24_2887',23,'11274.56',1),
(40192,'S24_2972',30,'3323.05',13),
(40192,'S24_3191',32,'6934.16',3),
(40192,'S24_3432',46,'9316.98',5),
(40192,'S24_3856',45,'11234.16',14),
(40193,'S18_1342',28,'9247.29',7),
(40193,'S18_1367',46,'4636.18',6),
(40193,'S18_1749',21,'15300.82',14),
(40193,'S18_2248',42,'6054.36',13),
(40193,'S18_2325',44,'11569.51',11),
(40193,'S18_2795',22,'14344.26',8),
(40193,'S18_2949',28,'8713.95',1),
(40193,'S18_2957',24,'5309.91',3),
(40193,'S18_3136',23,'9739.21',2),
(40193,'S18_3320',32,'7937.19',5),
(40193,'S18_4409',24,'9203.85',15),
(40193,'S18_4933',25,'6628.1',16),
(40193,'S24_1937',26,'3219.01',10),
(40193,'S24_2022',20,'4480.62',9),
(40193,'S24_3969',22,'3816.98',12),
(40193,'S24_4258',20,'9252.34',4),
(40194,'S10_1949',42,'20359.41',11),
(40194,'S10_4962',26,'13444.26',4),
(40194,'S12_1666',38,'12437.19',8),
(40194,'S18_1097',21,'10384.66',10),
(40194,'S18_2432',45,'5105.87',2),
(40194,'S18_4600',32,'11382.64',5),
(40194,'S18_4668',41,'4779.61',9),
(40194,'S24_2300',49,'11246.28',1),
(40194,'S32_1268',37,'7705.87',3),
(40194,'S32_3522',39,'6141.23',7),
(40194,'S700_2824',26,'8092.74',6),
(40195,'S12_4473',49,'11850.32',6),
(40195,'S18_2238',27,'13917.99',5),
(40195,'S18_2319',35,'11291.73',9),
(40195,'S18_3232',50,'15071.53',10),
(40195,'S24_1444',44,'5433.15',3),
(40195,'S24_2840',32,'3182.64',7),
(40195,'S24_4048',34,'9581.63',2),
(40195,'S32_2509',32,'5195.77',8),
(40195,'S32_3207',33,'5903.85',1),
(40195,'S50_1392',49,'9723.05',4),
(40196,'S12_1108',47,'20364.46',5),
(40196,'S12_3148',24,'15108.9',6),
(40196,'S12_3891',38,'14707.89',4),
(40196,'S18_3140',49,'12703.85',1),
(40196,'S18_3259',35,'8168.5',3),
(40196,'S18_4027',27,'12639.21',8),
(40196,'S50_1514',46,'5682.64',7),
(40196,'S700_1938',50,'8488.7',2),
(40197,'S10_4757',45,'11832.14',6),
(40197,'S18_3029',46,'8344.26',4),
(40197,'S18_3856',22,'8575.57',3),
(40197,'S18_4522',50,'7899.81',14),
(40197,'S24_2011',41,'10937.19',13),
(40197,'S24_3151',47,'8320.02',8),
(40197,'S24_3816',22,'6793.75',5),
(40197,'S700_1138',23,'6000.82',9),
(40197,'S700_2047',24,'7875.57',2),
(40197,'S700_2610',50,'6650.32',7),
(40197,'S700_3505',27,'10017.99',10),
(40197,'S700_3962',35,'8839.21',11),
(40197,'S72_1253',29,'3973.55',1),
(40197,'S72_3212',42,'4859.41',12),
(40198,'S18_1662',42,'14981.63',4),
(40198,'S24_2841',48,'6097.79',5),
(40198,'S24_3420',27,'6181.63',6),
(40198,'S24_3949',43,'6551.33',3),
(40198,'S700_2466',42,'9473.55',1),
(40198,'S700_4002',40,'7403.85',2),
(40199,'S50_1341',29,'3797.79',1),
(40199,'S700_1691',48,'8129.11',2),
(40199,'S700_3167',38,'7040.22',3),
(40200,'S18_2581',28,'7434.16',3),
(40200,'S24_1785',33,'9957.39',5),
(40200,'S24_4278',39,'7028.1',4),
(40200,'S32_1374',35,'8091.73',1),
(40200,'S32_4289',27,'6535.17',6),
(40200,'S700_2834',39,'11509.91',2),
(40201,'S10_1678',22,'8230.12',2),
(40201,'S10_2016',24,'11656.38',5),
(40201,'S10_4698',49,'19172.54',4),
(40201,'S12_2823',25,'12652.34',1),
(40201,'S18_2625',30,'4846.28',6),
(40201,'S24_1578',39,'9354.36',3),
(40201,'S24_2000',25,'6627.09',7),
(40202,'S18_3782',30,'5533.15',3),
(40202,'S18_4721',43,'12499.81',2),
(40202,'S24_2360',50,'5610.92',6),
(40202,'S24_4620',50,'7518',1),
(40202,'S32_2206',27,'3339.21',4),
(40202,'S32_4485',31,'8164.46',7),
(40202,'S50_4713',40,'7973.55',5),
(40203,'S12_1099',20,'16149.31',8),
(40203,'S12_3380',20,'11157.39',6),
(40203,'S12_3990',44,'6384.66',9),
(40203,'S12_4675',47,'11516.98',5),
(40203,'S18_1889',45,'7315.97',4),
(40203,'S18_3232',48,'15749.31',1),
(40203,'S18_3278',33,'6674.56',11),
(40203,'S18_3482',32,'12788.7',10),
(40203,'S24_2972',21,'3323.05',2),
(40203,'S24_3371',34,'5694.76',7),
(40203,'S24_3856',47,'14043.25',3),
(40204,'S18_1129',42,'11465.47',17),
(40204,'S18_1589',40,'11324.06',13),
(40204,'S18_1749',33,'15300.82',4),
(40204,'S18_1984',38,'13372.54',16),
(40204,'S18_2248',23,'5933.15',3),
(40204,'S18_2325',26,'11950.32',1),
(40204,'S18_2870',27,'10692.74',14),
(40204,'S18_3685',35,'13280.62',15),
(40204,'S18_4409',29,'8375.57',5),
(40204,'S18_4933',45,'6984.66',6),
(40204,'S24_1046',20,'6982.64',10),
(40204,'S24_1628',45,'4679.61',12),
(40204,'S24_2766',47,'7906.88',8),
(40204,'S24_2887',42,'11274.56',7),
(40204,'S24_3191',40,'8475.57',9),
(40204,'S24_3432',48,'10494.76',11),
(40204,'S24_3969',39,'3488.7',2),
(40205,'S18_1342',36,'9863.45',2),
(40205,'S18_1367',48,'4582.64',1),
(40205,'S18_2795',40,'13838.2',3),
(40205,'S24_1937',32,'2788.7',5),
(40205,'S24_2022',24,'3674.56',4),
(40206,'S10_1949',47,'20359.41',6),
(40206,'S12_1666',28,'10934.16',3),
(40206,'S18_1097',34,'11550.32',5),
(40206,'S18_2949',37,'9827.09',7),
(40206,'S18_2957',28,'5184.66',9),
(40206,'S18_3136',30,'10263.45',8),
(40206,'S18_3320',28,'9921.03',11),
(40206,'S18_4668',21,'4578.6',4),
(40206,'S24_4258',33,'9544.26',10),
(40206,'S32_3522',36,'5494.76',2),
(40206,'S700_2824',33,'8901.83',1),
(40207,'S10_4962',31,'12558.4',15),
(40207,'S12_4473',34,'9599.81',7),
(40207,'S18_2238',44,'14081.63',6),
(40207,'S18_2319',43,'10923.05',10),
(40207,'S18_2432',37,'6077.59',13),
(40207,'S18_3232',25,'14055.37',11),
(40207,'S18_4027',40,'14362.44',1),
(40207,'S18_4600',47,'11987.69',16),
(40207,'S24_1444',49,'5780.62',4),
(40207,'S24_2300',46,'12779.61',12),
(40207,'S24_2840',42,'3076.58',8),
(40207,'S24_4048',28,'10882.64',3),
(40207,'S32_1268',49,'8475.57',14),
(40207,'S32_2509',27,'5195.77',9),
(40207,'S32_3207',45,'5530.12',2),
(40207,'S50_1392',28,'10649.31',5),
(40208,'S12_1108',46,'17663.45',13),
(40208,'S12_3148',26,'12842.24',14),
(40208,'S12_3891',20,'15226.08',12),
(40208,'S18_3140',24,'11747.29',9),
(40208,'S18_3259',48,'9681.63',11),
(40208,'S18_4522',45,'7285.67',8),
(40208,'S24_2011',35,'12289.71',7),
(40208,'S24_3151',20,'8054.36',2),
(40208,'S50_1514',30,'5799.81',15),
(40208,'S700_1138',38,'5667.49',3),
(40208,'S700_1938',40,'7362.44',10),
(40208,'S700_2610',46,'6361.43',1),
(40208,'S700_3505',37,'9516.98',4),
(40208,'S700_3962',33,'9534.16',5),
(40208,'S72_3212',42,'4805.87',6),
(40209,'S10_4757',39,'12920.02',8),
(40209,'S18_3029',28,'8258.4',6),
(40209,'S18_3856',20,'9740.22',5),
(40209,'S24_2841',43,'6645.27',1),
(40209,'S24_3420',36,'5655.37',2),
(40209,'S24_3816',22,'7967.49',7),
(40209,'S700_2047',33,'9052.34',4),
(40209,'S72_1253',48,'4420.02',3),
(40210,'S10_2016',23,'11299.81',2),
(40210,'S10_4698',34,'18979.61',1),
(40210,'S18_1662',31,'14192.74',17),
(40210,'S18_2581',50,'6843.25',7),
(40210,'S18_2625',40,'5148.3',3),
(40210,'S24_1785',27,'10067.49',9),
(40210,'S24_2000',30,'6322.04',4),
(40210,'S24_3949',29,'5664.46',16),
(40210,'S24_4278',40,'6810.92',8),
(40210,'S32_1374',46,'8491.73',5),
(40210,'S32_4289',39,'5710.92',10),
(40210,'S50_1341',43,'4320.02',11),
(40210,'S700_1691',21,'8769.51',12),
(40210,'S700_2466',26,'9374.56',14),
(40210,'S700_2834',25,'9848.3',6),
(40210,'S700_3167',31,'6400.82',13),
(40210,'S700_4002',42,'6070.52',15),
(40211,'S10_1678',41,'9092.74',14),
(40211,'S12_1099',41,'17122.04',2),
(40211,'S12_2823',36,'12652.34',13),
(40211,'S12_3990',28,'7980.62',3),
(40211,'S18_3278',35,'7317.99',5),
(40211,'S18_3482',28,'13817.99',4),
(40211,'S18_3782',46,'6030.12',8),
(40211,'S18_4721',41,'14880.62',7),
(40211,'S24_1578',25,'10932.14',15),
(40211,'S24_2360',21,'6233.15',11),
(40211,'S24_3371',48,'5266.48',1),
(40211,'S24_4620',22,'8084.66',6),
(40211,'S32_2206',41,'3983.65',9),
(40211,'S32_4485',37,'9491.73',12),
(40211,'S50_4713',40,'7078.6',10),
(40212,'S12_3380',39,'9982.64',16),
(40212,'S12_4675',33,'11055.37',15),
(40212,'S18_1129',29,'11748.3',10),
(40212,'S18_1589',38,'10577.59',6),
(40212,'S18_1889',20,'6468.5',14),
(40212,'S18_1984',41,'13372.54',9),
(40212,'S18_2870',40,'11748.3',7),
(40212,'S18_3232',40,'15579.61',11),
(40212,'S18_3685',45,'11585.67',8),
(40212,'S24_1046',41,'6173.55',3),
(40212,'S24_1628',45,'4327.09',5),
(40212,'S24_2766',45,'8178.6',1),
(40212,'S24_2972',34,'3738.2',12),
(40212,'S24_3191',27,'7791.73',2),
(40212,'S24_3432',46,'10066.48',4),
(40212,'S24_3856',49,'11796.78',13),
(40213,'S18_4409',38,'8467.49',1),
(40213,'S18_4933',25,'5844.26',2),
(40213,'S24_2887',27,'9748.3',3),
(40214,'S18_1749',30,'16660.42',7),
(40214,'S18_2248',21,'5328.1',6),
(40214,'S18_2325',27,'12586.68',4),
(40214,'S18_2795',50,'16706.88',1),
(40214,'S24_1937',20,'3219.01',3),
(40214,'S24_2022',49,'3987.69',2),
(40214,'S24_3969',44,'3857.39',5),
(40215,'S10_1949',35,'20573.55',3),
(40215,'S18_1097',46,'10034.16',2),
(40215,'S18_1342',27,'9247.29',10),
(40215,'S18_1367',33,'5391.73',9),
(40215,'S18_2949',49,'9726.08',4),
(40215,'S18_2957',31,'5621.03',6),
(40215,'S18_3136',49,'8901.83',5),
(40215,'S18_3320',41,'8433.15',8),
(40215,'S18_4668',46,'4276.58',1),
(40215,'S24_4258',39,'9447.29',7),
(40216,'S12_1666',43,'13394.76',1),
(40217,'S10_4962',48,'13297.79',4),
(40217,'S18_2432',35,'5834.16',2),
(40217,'S18_4600',38,'11866.48',5),
(40217,'S24_2300',28,'10351.33',1),
(40217,'S32_1268',21,'7897.79',3),
(40217,'S32_3522',39,'5624.06',7),
(40217,'S700_2824',31,'9002.84',6),
(40218,'S18_2319',22,'11046.28',1),
(40218,'S18_3232',34,'15241.23',2),
(40219,'S12_4473',48,'9480.62',2),
(40219,'S18_2238',43,'13262.44',1),
(40219,'S24_2840',21,'3112.94',3),
(40219,'S32_2509',35,'4762.44',4),
(40220,'S12_1108',32,'18910.92',2),
(40220,'S12_3148',30,'15108.9',3),
(40220,'S12_3891',27,'16610.92',1),
(40220,'S18_4027',50,'12639.21',5),
(40220,'S24_1444',26,'4855.37',8),
(40220,'S24_4048',37,'10172.54',7),
(40220,'S32_3207',20,'4971.53',6),
(40220,'S50_1392',37,'9260.42',9),
(40220,'S50_1514',30,'5682.64',4),
(40221,'S18_3140',33,'13386.68',3),
(40221,'S18_3259',23,'8975.57',5),
(40221,'S18_4522',39,'8426.08',2),
(40221,'S24_2011',49,'11306.88',1),
(40221,'S700_1938',23,'6929.11',4),
(40222,'S10_4757',49,'13328.1',12),
(40222,'S18_1662',49,'13719.01',4),
(40222,'S18_3029',49,'7914.96',10),
(40222,'S18_3856',45,'8893.75',9),
(40222,'S24_2841',32,'5686.68',5),
(40222,'S24_3151',47,'7435.17',14),
(40222,'S24_3420',43,'6115.97',6),
(40222,'S24_3816',46,'7799.81',11),
(40222,'S24_3949',48,'5527.09',3),
(40222,'S700_1138',31,'5867.49',15),
(40222,'S700_2047',26,'8056.38',8),
(40222,'S700_2466',37,'9075.57',1),
(40222,'S700_2610',36,'6939.21',13),
(40222,'S700_3505',38,'8414.96',16),
(40222,'S700_3962',31,'8143.25',17),
(40222,'S700_4002',43,'6663.45',2),
(40222,'S72_1253',31,'4519.01',7),
(40222,'S72_3212',36,'4859.41',18),
(40223,'S10_1678',37,'8039.21',1),
(40223,'S10_2016',47,'11061.43',4),
(40223,'S10_4698',49,'18979.61',3),
(40223,'S18_2581',47,'6758.4',9),
(40223,'S18_2625',28,'5875.57',5),
(40223,'S24_1578',32,'10481.63',2),
(40223,'S24_1785',34,'8754.36',11),
(40223,'S24_2000',38,'6094.76',6),
(40223,'S24_4278',23,'6810.92',10),
(40223,'S32_1374',21,'9090.72',7),
(40223,'S32_4289',20,'6673.55',12),
(40223,'S50_1341',41,'4102.84',13),
(40223,'S700_1691',25,'8403.85',14),
(40223,'S700_2834',29,'11390.72',8),
(40223,'S700_3167',26,'7920.02',15),
(40224,'S12_2823',43,'14158.4',6),
(40224,'S18_3782',38,'5720.02',1),
(40224,'S24_2360',37,'6026.08',4),
(40224,'S32_2206',43,'3701.83',2),
(40224,'S32_4485',30,'9491.73',5),
(40224,'S50_4713',50,'8136.18',3),
(40225,'S12_1099',27,'15760.42',9),
(40225,'S12_3380',25,'10100.82',7),
(40225,'S12_3990',37,'6464.46',10),
(40225,'S12_4675',21,'10019.01',6),
(40225,'S18_1129',32,'11606.88',1),
(40225,'S18_1889',47,'7161.43',5),
(40225,'S18_3232',43,'16257.39',2),
(40225,'S18_3278',37,'6996.78',12),
(40225,'S18_3482',27,'11906.88',11),
(40225,'S18_4721',35,'13541.23',14),
(40225,'S24_2972',42,'3474.56',3),
(40225,'S24_3371',24,'5143.25',8),
(40225,'S24_3856',40,'13060.42',4),
(40225,'S24_4620',46,'7761.43',13),
(40226,'S18_1589',38,'10826.08',4),
(40226,'S18_1984',24,'12945.27',7),
(40226,'S18_2870',24,'12540.22',5),
(40226,'S18_3685',46,'12291.73',6),
(40226,'S24_1046',21,'6541.23',1),
(40226,'S24_1628',36,'4779.61',3),
(40226,'S24_3432',48,'9530.12',2),
(40227,'S18_1342',25,'8527.09',3),
(40227,'S18_1367',31,'5014.96',2),
(40227,'S18_1749',26,'13600.82',10),
(40227,'S18_2248',28,'5993.75',9),
(40227,'S18_2325',46,'11823.05',7),
(40227,'S18_2795',29,'14681.63',4),
(40227,'S18_3320',33,'9921.03',1),
(40227,'S18_4409',34,'8743.25',11),
(40227,'S18_4933',37,'7056.38',12),
(40227,'S24_1937',42,'2722.04',6),
(40227,'S24_2022',24,'3942.24',5),
(40227,'S24_2766',47,'8451.33',14),
(40227,'S24_2887',33,'10217.99',13),
(40227,'S24_3191',40,'7876.58',15),
(40227,'S24_3969',27,'3488.7',8),
(40228,'S10_1949',29,'21430.12',2),
(40228,'S18_1097',32,'10034.16',1),
(40228,'S18_2949',24,'10131.13',3),
(40228,'S18_2957',45,'5746.28',5),
(40228,'S18_3136',31,'10053.35',4),
(40228,'S24_4258',33,'8473.55',6),
(40229,'S10_4962',50,'13888.7',9),
(40229,'S12_1666',25,'11070.52',13),
(40229,'S12_4473',36,'9599.81',1),
(40229,'S18_2319',26,'10432.14',4),
(40229,'S18_2432',28,'5348.3',7),
(40229,'S18_3232',22,'15749.31',5),
(40229,'S18_4600',41,'11987.69',10),
(40229,'S18_4668',39,'4377.59',14),
(40229,'S24_2300',48,'11501.83',6),
(40229,'S24_2840',33,'3465.47',2),
(40229,'S32_1268',25,'7897.79',8),
(40229,'S32_2509',23,'4978.6',3),
(40229,'S32_3522',30,'5236.18',12),
(40229,'S700_2824',50,'9104.86',11),
(40230,'S12_3148',43,'12842.24',1),
(40230,'S18_2238',49,'15391.73',8),
(40230,'S18_4027',42,'14218',3),
(40230,'S24_1444',36,'4740.22',6),
(40230,'S24_4048',45,'9936.18',5),
(40230,'S32_3207',46,'5903.85',4),
(40230,'S50_1392',34,'10070.52',7),
(40230,'S50_1514',43,'5741.23',2),
(40231,'S12_1108',42,'19325.07',2),
(40231,'S12_3891',49,'14707.89',1),
(40232,'S18_3140',22,'13386.68',6),
(40232,'S18_3259',48,'9781.63',8),
(40232,'S18_4522',23,'7812.94',5),
(40232,'S24_2011',46,'11306.88',4),
(40232,'S700_1938',26,'8488.7',7),
(40232,'S700_3505',48,'8615.97',1),
(40232,'S700_3962',35,'8143.25',2),
(40232,'S72_3212',24,'4859.41',3),
(40233,'S24_3151',40,'7081.63',2),
(40233,'S700_1138',36,'6600.82',3),
(40233,'S700_2610',29,'6794.76',1),
(40234,'S10_4757',48,'11832.14',9),
(40234,'S18_1662',50,'14665.47',1),
(40234,'S18_3029',48,'8430.12',7),
(40234,'S18_3856',39,'8575.57',6),
(40234,'S24_2841',44,'6714.96',2),
(40234,'S24_3420',25,'6509.91',3),
(40234,'S24_3816',31,'7883.65',8),
(40234,'S700_2047',29,'8328.1',5),
(40234,'S72_1253',40,'4569.51',4),
(40235,'S18_2581',24,'8195.77',3),
(40235,'S24_1785',23,'8972.54',5),
(40235,'S24_3949',33,'5527.09',12),
(40235,'S24_4278',40,'6303.85',4),
(40235,'S32_1374',41,'9090.72',1),
(40235,'S32_4289',34,'6673.55',6),
(40235,'S50_1341',41,'3709.91',7),
(40235,'S700_1691',25,'8860.42',8),
(40235,'S700_2466',38,'9274.56',10),
(40235,'S700_2834',25,'11628.1',2),
(40235,'S700_3167',32,'7360.42',9),
(40235,'S700_4002',34,'7033.15',11),
(40236,'S10_2016',22,'10586.68',1),
(40236,'S18_2625',23,'5270.52',2),
(40236,'S24_2000',36,'6551.33',3),
(40237,'S10_1678',23,'9187.69',7),
(40237,'S10_4698',39,'15880.62',9),
(40237,'S12_2823',32,'12953.35',6),
(40237,'S18_3782',26,'4974.56',1),
(40237,'S24_1578',20,'10932.14',8),
(40237,'S24_2360',26,'6233.15',4),
(40237,'S32_2206',26,'3500.82',2),
(40237,'S32_4485',27,'9491.73',5),
(40237,'S50_4713',20,'7892.74',3),
(40238,'S12_1099',28,'16149.31',3),
(40238,'S12_3380',29,'10452.34',1),
(40238,'S12_3990',20,'7342.24',4),
(40238,'S18_3278',41,'6835.17',6),
(40238,'S18_3482',49,'14405.87',5),
(40238,'S18_4721',44,'12053.35',8),
(40238,'S24_3371',47,'5388.7',2),
(40238,'S24_4620',22,'6791.73',7),
(40239,'S12_4675',21,'10019.01',5),
(40239,'S18_1889',46,'7007.89',4),
(40239,'S18_3232',47,'13547.29',1),
(40239,'S24_2972',20,'3247.29',2),
(40239,'S24_3856',29,'13341.23',3),
(40240,'S18_1129',41,'12597.79',3),
(40240,'S18_1984',37,'13656.38',2),
(40240,'S18_3685',37,'13422.04',1),
(40241,'S18_1589',21,'11946.28',11),
(40241,'S18_1749',41,'15300.82',2),
(40241,'S18_2248',33,'5570.52',1),
(40241,'S18_2870',44,'12672.54',12),
(40241,'S18_4409',42,'7731.13',3),
(40241,'S18_4933',30,'6272.54',4),
(40241,'S24_1046',22,'7202.84',8),
(40241,'S24_1628',21,'4729.11',10),
(40241,'S24_2766',47,'8905.87',6),
(40241,'S24_2887',28,'11744.26',5),
(40241,'S24_3191',26,'6934.16',7),
(40241,'S24_3432',27,'10708.9',9),
(40242,'S24_3969',46,'3652.34',1),
(40243,'S18_2325',47,'11187.69',2),
(40243,'S24_1937',33,'3087.69',1),
(40244,'S18_1342',40,'9966.48',7),
(40244,'S18_1367',20,'4852.34',6),
(40244,'S18_2795',43,'14175.57',8),
(40244,'S18_2949',30,'8713.95',1),
(40244,'S18_2957',24,'5496.78',3),
(40244,'S18_3136',29,'8587.69',2),
(40244,'S18_3320',36,'8730.12',5),
(40244,'S24_2022',39,'4211.93',9),
(40244,'S24_4258',40,'9739.21',4),
(40245,'S10_1949',34,'19501.83',9),
(40245,'S10_4962',28,'14774.56',2),
(40245,'S12_1666',38,'12027.09',6),
(40245,'S18_1097',29,'11434.16',8),
(40245,'S18_4600',21,'11139.21',3),
(40245,'S18_4668',45,'4880.62',7),
(40245,'S32_1268',37,'8186.68',1),
(40245,'S32_3522',44,'5494.76',5),
(40245,'S700_2824',44,'8193.75',4),
(40246,'S12_4473',46,'9954.36',5),
(40246,'S18_2238',40,'14408.9',4),
(40246,'S18_2319',22,'10064.46',8),
(40246,'S18_2432',30,'5773.55',11),
(40246,'S18_3232',36,'14563.45',9),
(40246,'S24_1444',44,'4624.06',2),
(40246,'S24_2300',29,'11884.66',10),
(40246,'S24_2840',49,'3465.47',6),
(40246,'S24_4048',46,'10054.36',1),
(40246,'S32_2509',35,'4545.27',7),
(40246,'S50_1392',22,'11344.26',3),
(40247,'S12_1108',44,'19533.15',2),
(40247,'S12_3148',25,'14050.32',3),
(40247,'S12_3891',27,'16783.65',1),
(40247,'S18_4027',48,'14362.44',5),
(40247,'S32_3207',40,'5841.23',6),
(40247,'S50_1514',49,'5155.37',4),
(40248,'S10_4757',20,'12648.3',3),
(40248,'S18_3029',21,'8086.68',1),
(40248,'S18_3140',32,'13386.68',12),
(40248,'S18_3259',42,'9580.62',14),
(40248,'S18_4522',42,'8777.59',11),
(40248,'S24_2011',48,'12289.71',10),
(40248,'S24_3151',30,'8585.67',5),
(40248,'S24_3816',23,'8302.84',2),
(40248,'S700_1138',36,'6600.82',6),
(40248,'S700_1938',40,'8141.23',13),
(40248,'S700_2610',32,'6939.21',4),
(40248,'S700_3505',30,'8414.96',7),
(40248,'S700_3962',35,'9236.18',8),
(40248,'S72_3212',23,'5351.33',9),
(40249,'S18_3856',46,'8893.75',5),
(40249,'S24_2841',20,'5481.63',1),
(40249,'S24_3420',25,'6575.57',2),
(40249,'S700_2047',40,'8599.81',4),
(40249,'S72_1253',32,'4916.98',3),
(40250,'S18_1662',45,'14823.05',14),
(40250,'S18_2581',27,'8448.3',4),
(40250,'S24_1785',31,'9520.02',6),
(40250,'S24_2000',32,'6322.04',1),
(40250,'S24_3949',40,'6142.24',13),
(40250,'S24_4278',37,'7245.27',5),
(40250,'S32_1374',31,'9989.71',2),
(40250,'S32_4289',50,'6260.42',7),
(40250,'S50_1341',36,'3666.48',8),
(40250,'S700_1691',31,'9134.16',9),
(40250,'S700_2466',35,'9075.57',11),
(40250,'S700_2834',44,'9848.3',3),
(40250,'S700_3167',44,'7600.82',10),
(40250,'S700_4002',38,'6589.71',12),
(40251,'S10_1678',59,'9379.61',2),
(40251,'S10_2016',44,'11537.19',5),
(40251,'S10_4698',43,'17236.18',4),
(40251,'S12_2823',46,'12953.35',1),
(40251,'S18_2625',44,'5815.97',6),
(40251,'S24_1578',50,'9129.11',3),
(40252,'S18_3278',20,'7478.6',2),
(40252,'S18_3482',41,'14552.34',1),
(40252,'S18_3782',31,'5036.18',5),
(40252,'S18_4721',26,'12797.79',4),
(40252,'S24_2360',47,'6303.85',8),
(40252,'S24_4620',38,'6952.34',3),
(40252,'S32_2206',36,'3621.03',6),
(40252,'S32_4485',25,'9389.71',9),
(40252,'S50_4713',48,'7241.23',7),
(40253,'S12_1099',24,'15760.42',13),
(40253,'S12_3380',22,'10217.99',11),
(40253,'S12_3990',25,'6703.85',14),
(40253,'S12_4675',41,'10940.22',10),
(40253,'S18_1129',26,'13022.04',5),
(40253,'S18_1589',24,'10329.11',1),
(40253,'S18_1889',23,'6776.58',9),
(40253,'S18_1984',33,'13087.69',4),
(40253,'S18_2870',37,'11484.66',2),
(40253,'S18_3232',40,'14563.45',6),
(40253,'S18_3685',31,'13987.69',3),
(40253,'S24_2972',40,'3474.56',7),
(40253,'S24_3371',24,'5082.64',12),
(40253,'S24_3856',39,'11515.97',8),
(40254,'S18_1749',49,'13770.52',5),
(40254,'S18_2248',36,'5509.91',4),
(40254,'S18_2325',41,'10298.8',2),
(40254,'S18_4409',34,'8099.81',6),
(40254,'S18_4933',30,'5987.69',7),
(40254,'S24_1046',34,'6688.7',11),
(40254,'S24_1628',32,'4327.09',13),
(40254,'S24_1937',38,'2888.7',1),
(40254,'S24_2766',31,'8542.24',9),
(40254,'S24_2887',33,'11157.39',8),
(40254,'S24_3191',42,'6934.16',10),
(40254,'S24_3432',49,'10173.55',12),
(40254,'S24_3969',20,'3980.62',3),
(40255,'S18_2795',24,'13500.82',1),
(40255,'S24_2022',37,'3763.45',2),
(40256,'S18_1342',34,'9349.31',2),
(40256,'S18_1367',29,'5283.65',1),
(40257,'S18_2949',50,'9219.01',1),
(40257,'S18_2957',49,'5934.16',3),
(40257,'S18_3136',37,'8378.6',2),
(40257,'S18_3320',26,'9127.09',5),
(40257,'S24_4258',46,'8181.63',4),
(40258,'S10_1949',32,'17787.69',6),
(40258,'S12_1666',41,'13394.76',3),
(40258,'S18_1097',41,'11317.99',5),
(40258,'S18_4668',21,'4981.63',4),
(40258,'S32_3522',20,'6270.52',2),
(40258,'S700_2824',45,'8699.81',1),
(40259,'S10_4962',26,'12115.97',12),
(40259,'S12_4473',46,'11732.14',4),
(40259,'S18_2238',30,'13426.08',3),
(40259,'S18_2319',34,'12028.1',7),
(40259,'S18_2432',30,'5955.37',10),
(40259,'S18_3232',27,'15241.23',8),
(40259,'S18_4600',41,'10776.58',13),
(40259,'S24_1444',28,'4682.64',1),
(40259,'S24_2300',47,'12140.22',9),
(40259,'S24_2840',31,'3147.29',5),
(40259,'S32_1268',45,'9535.17',11),
(40259,'S32_2509',40,'4599.81',6),
(40259,'S50_1392',29,'10533.15',2),
(40260,'S12_1108',46,'18079.61',5),
(40260,'S12_3148',30,'14050.32',6),
(40260,'S12_3891',44,'16956.38',4),
(40260,'S18_3140',32,'12157.39',1),
(40260,'S18_3259',29,'9277.59',3),
(40260,'S18_4027',23,'13788.7',8),
(40260,'S24_4048',23,'11710.92',10),
(40260,'S32_3207',27,'5530.12',9),
(40260,'S50_1514',21,'5624.06',7),
(40260,'S700_1938',33,'8055.37',2),
(40261,'S10_4757',27,'11696.78',1),
(40261,'S18_4522',20,'8075.57',9),
(40261,'S24_2011',36,'10569.51',8),
(40261,'S24_3151',22,'7966.48',3),
(40261,'S700_1138',34,'6400.82',4),
(40261,'S700_2610',44,'5855.37',2),
(40261,'S700_3505',25,'8915.97',5),
(40261,'S700_3962',50,'8839.21',6),
(40261,'S72_3212',29,'4368.5',7),
(40262,'S18_1662',49,'15769.51',9),
(40262,'S18_3029',32,'8172.54',15),
(40262,'S18_3856',34,'8575.57',14),
(40262,'S24_1785',34,'9848.3',1),
(40262,'S24_2841',24,'6371.53',10),
(40262,'S24_3420',46,'6575.57',11),
(40262,'S24_3816',49,'8218',16),
(40262,'S24_3949',48,'5869.51',8),
(40262,'S32_4289',40,'6397.79',2),
(40262,'S50_1341',49,'3578.6',3),
(40262,'S700_1691',40,'8769.51',4),
(40262,'S700_2047',44,'8328.1',13),
(40262,'S700_2466',33,'8177.59',6),
(40262,'S700_3167',27,'6480.62',5),
(40262,'S700_4002',35,'6441.23',7),
(40262,'S72_1253',21,'4171.53',12),
(40263,'S10_1678',34,'8900.82',2),
(40263,'S10_2016',40,'10705.87',5),
(40263,'S10_4698',41,'19366.48',4),
(40263,'S12_2823',48,'12351.33',1),
(40263,'S18_2581',33,'6758.4',10),
(40263,'S18_2625',34,'5027.09',6),
(40263,'S24_1578',42,'10932.14',3),
(40263,'S24_2000',37,'6703.85',7),
(40263,'S24_4278',24,'5941.23',11),
(40263,'S32_1374',31,'9390.72',8),
(40263,'S700_2834',47,'11746.28',9),
(40264,'S18_3782',48,'5844.26',3),
(40264,'S18_4721',20,'12499.81',2),
(40264,'S24_2360',37,'6164.46',6),
(40264,'S24_4620',47,'7518',1),
(40264,'S32_2206',20,'3902.84',4),
(40264,'S32_4485',34,'10001.83',7),
(40264,'S50_4713',47,'6753.35',5),
(40265,'S18_3278',45,'7478.6',2),
(40265,'S18_3482',49,'12347.29',1),
(40266,'S12_1099',44,'18873.55',14),
(40266,'S12_3380',22,'11039.21',12),
(40266,'S12_3990',35,'6783.65',15),
(40266,'S12_4675',40,'11286.68',11),
(40266,'S18_1129',21,'13163.45',6),
(40266,'S18_1589',36,'9955.37',2),
(40266,'S18_1889',33,'7700.82',10),
(40266,'S18_1984',49,'13941.23',5),
(40266,'S18_2870',20,'11352.34',3),
(40266,'S18_3232',29,'13717.99',7),
(40266,'S18_3685',33,'12715.97',4),
(40266,'S24_1628',28,'4025.07',1),
(40266,'S24_2972',34,'3512.94',8),
(40266,'S24_3371',47,'5633.15',13),
(40266,'S24_3856',24,'11937.19',9),
(40267,'S18_4933',36,'7127.09',1),
(40267,'S24_1046',40,'7202.84',5),
(40267,'S24_2766',38,'7633.15',3),
(40267,'S24_2887',43,'9395.77',2),
(40267,'S24_3191',44,'8390.72',4),
(40267,'S24_3432',43,'9851.33',6),
(40268,'S18_1342',49,'9349.31',3),
(40268,'S18_1367',26,'4582.64',2),
(40268,'S18_1749',34,'16490.72',10),
(40268,'S18_2248',31,'6054.36',9),
(40268,'S18_2325',50,'12459.41',7),
(40268,'S18_2795',35,'14850.32',4),
(40268,'S18_3320',39,'9623.05',1),
(40268,'S18_4409',35,'8467.49',11),
(40268,'S24_1937',33,'3186.68',6),
(40268,'S24_2022',40,'3629.11',5),
(40268,'S24_3969',30,'3775.57',8),
(40269,'S18_2957',32,'5746.28',1),
(40269,'S24_4258',48,'9544.26',2),
(40270,'S10_1949',21,'17144.26',9),
(40270,'S10_4962',32,'12410.92',2),
(40270,'S12_1666',28,'13530.12',6),
(40270,'S18_1097',43,'9450.32',8),
(40270,'S18_2949',31,'8105.87',10),
(40270,'S18_3136',38,'8587.69',11),
(40270,'S18_4600',38,'10776.58',3),
(40270,'S18_4668',44,'4025.07',7),
(40270,'S32_1268',32,'9342.24',1),
(40270,'S32_3522',21,'5236.18',5),
(40270,'S700_2824',46,'10115.97',4),
(40271,'S12_4473',31,'9954.36',5),
(40271,'S18_2238',50,'14736.18',4),
(40271,'S18_2319',50,'12150.32',8),
(40271,'S18_2432',25,'5955.37',11),
(40271,'S18_3232',20,'16934.16',9),
(40271,'S24_1444',45,'4971.53',2),
(40271,'S24_2300',43,'12268.5',10),
(40271,'S24_2840',38,'2864.46',6),
(40271,'S24_4048',22,'11000.82',1),
(40271,'S32_2509',35,'5195.77',7),
(40271,'S50_1392',34,'9376.58',3),
(40272,'S12_1108',35,'18702.84',2),
(40272,'S12_3148',27,'12389.71',3),
(40272,'S12_3891',39,'14880.62',1),
(40272,'S18_4027',25,'12639.21',5),
(40272,'S32_3207',45,'5655.37',6),
(40272,'S50_1514',43,'5389.71',4),
(40273,'S10_4757',30,'13600.82',4),
(40273,'S18_3029',34,'8430.12',2),
(40273,'S18_3140',40,'11747.29',13),
(40273,'S18_3259',47,'8773.55',15),
(40273,'S18_3856',50,'10587.69',1),
(40273,'S18_4522',33,'7285.67',12),
(40273,'S24_2011',22,'10323.05',11),
(40273,'S24_3151',27,'8408.9',6),
(40273,'S24_3816',48,'8386.68',3),
(40273,'S700_1138',21,'6600.82',7),
(40273,'S700_1938',21,'7795.77',14),
(40273,'S700_2610',42,'5782.64',5),
(40273,'S700_3505',40,'9115.97',8),
(40273,'S700_3962',26,'8938.2',9),
(40273,'S72_3212',37,'5132.14',10),
(40274,'S18_1662',41,'12931.13',1),
(40274,'S24_2841',40,'5686.68',2),
(40274,'S24_3420',24,'6509.91',3),
(40274,'S700_2047',24,'7513.95',5),
(40274,'S72_1253',32,'4966.48',4),
(40275,'S10_1678',45,'8135.17',1),
(40275,'S10_2016',22,'11537.19',4),
(40275,'S10_4698',36,'15493.75',3),
(40275,'S18_2581',35,'7012.94',9),
(40275,'S18_2625',37,'5209.91',5),
(40275,'S24_1578',21,'10594.76',2),
(40275,'S24_1785',25,'9738.2',11),
(40275,'S24_2000',30,'6170.52',6),
(40275,'S24_3949',41,'5800.82',18),
(40275,'S24_4278',27,'6738.2',10),
(40275,'S32_1374',23,'8990.72',7),
(40275,'S32_4289',28,'5847.29',12),
(40275,'S50_1341',38,'4015.97',13),
(40275,'S700_1691',32,'8586.68',14),
(40275,'S700_2466',39,'8277.59',16),
(40275,'S700_2834',48,'10204.86',8),
(40275,'S700_3167',43,'7200.82',15),
(40275,'S700_4002',31,'5996.78',17),
(40276,'S12_1099',50,'18484.66',3),
(40276,'S12_2823',43,'15062.44',14),
(40276,'S12_3380',47,'10452.34',1),
(40276,'S12_3990',38,'6783.65',4),
(40276,'S18_3278',38,'7800.82',6),
(40276,'S18_3482',30,'13964.46',5),
(40276,'S18_3782',33,'5471.53',9),
(40276,'S18_4721',48,'12053.35',8),
(40276,'S24_2360',46,'6164.46',12),
(40276,'S24_3371',20,'5817.99',2),
(40276,'S24_4620',48,'6710.92',7),
(40276,'S32_2206',27,'3540.22',10),
(40276,'S32_4485',38,'9491.73',13),
(40276,'S50_4713',21,'6753.35',11),
(40277,'S12_4675',28,'9328.1',1),
(40278,'S18_1129',34,'11465.47',6),
(40278,'S18_1589',23,'10702.84',2),
(40278,'S18_1889',29,'7315.97',10),
(40278,'S18_1984',29,'11807.89',5),
(40278,'S18_2870',39,'11748.3',3),
(40278,'S18_3232',42,'16765.47',7),
(40278,'S18_3685',31,'11444.26',4),
(40278,'S24_1628',35,'4880.62',1),
(40278,'S24_2972',31,'3738.2',8),
(40278,'S24_3856',25,'13622.04',9),
(40279,'S18_4933',26,'6842.24',1),
(40279,'S24_1046',32,'6835.17',5),
(40279,'S24_2766',49,'7633.15',3),
(40279,'S24_2887',48,'10687.69',2),
(40279,'S24_3191',33,'7876.58',4),
(40279,'S24_3432',48,'9530.12',6),
(40280,'S10_1949',34,'20573.55',2),
(40280,'S18_1097',24,'9800.82',1),
(40280,'S18_1342',50,'8733.15',9),
(40280,'S18_1367',27,'4744.26',8),
(40280,'S18_1749',26,'16150.32',16),
(40280,'S18_2248',25,'5328.1',15),
(40280,'S18_2325',37,'10933.15',13),
(40280,'S18_2795',22,'15863.45',10),
(40280,'S18_2949',46,'8206.88',3),
(40280,'S18_2957',43,'5434.16',5),
(40280,'S18_3136',29,'10263.45',4),
(40280,'S18_3320',34,'9921.03',7),
(40280,'S18_4409',35,'7731.13',17),
(40280,'S24_1937',20,'2987.69',12),
(40280,'S24_2022',45,'3629.11',11),
(40280,'S24_3969',33,'3529.11',14),
(40280,'S24_4258',21,'7986.68',6),
(40281,'S10_4962',44,'13297.79',9),
(40281,'S12_1666',25,'12710.92',13),
(40281,'S12_4473',41,'9836.18',1),
(40281,'S18_2319',48,'11414.96',4),
(40281,'S18_2432',29,'5652.34',7),
(40281,'S18_3232',25,'13547.29',5),
(40281,'S18_4600',25,'9686.68',10),
(40281,'S18_4668',44,'4276.58',14),
(40281,'S24_2300',25,'11246.28',6),
(40281,'S24_2840',20,'3395.77',2),
(40281,'S32_1268',29,'8090.72',8),
(40281,'S32_2509',31,'4491.73',3),
(40281,'S32_3522',36,'5947.29',12),
(40281,'S700_2824',27,'8901.83',11),
(40282,'S12_1108',41,'17663.45',5),
(40282,'S12_3148',27,'14202.84',6),
(40282,'S12_3891',24,'16956.38',4),
(40282,'S18_2238',23,'14736.18',13),
(40282,'S18_3140',43,'12293.75',1),
(40282,'S18_3259',36,'8874.56',3),
(40282,'S18_4027',31,'13213.95',8),
(40282,'S24_1444',29,'4971.53',11),
(40282,'S24_4048',39,'9699.81',10),
(40282,'S32_3207',36,'5158.4',9),
(40282,'S50_1392',38,'11459.41',12),
(40282,'S50_1514',37,'5624.06',7),
(40282,'S700_1938',43,'7795.77',2),
(40283,'S10_4757',25,'13056.38',6),
(40283,'S18_3029',21,'7828.1',4),
(40283,'S18_3856',46,'10058.4',3),
(40283,'S18_4522',34,'7197.79',14),
(40283,'S24_2011',42,'9954.36',13),
(40283,'S24_3151',34,'8054.36',8),
(40283,'S24_3816',33,'7715.97',5),
(40283,'S700_1138',45,'6200.82',9),
(40283,'S700_2047',20,'7423.05',2),
(40283,'S700_2610',47,'6867.49',7),
(40283,'S700_3505',22,'8815.97',10),
(40283,'S700_3962',38,'8541.23',11),
(40283,'S72_1253',43,'4122.04',1),
(40283,'S72_3212',33,'4914.96',12),
(40284,'S18_1662',45,'13719.01',11),
(40284,'S18_2581',31,'6843.25',1),
(40284,'S24_1785',22,'10176.58',3),
(40284,'S24_2841',30,'6508.9',12),
(40284,'S24_3420',39,'5983.65',13),
(40284,'S24_3949',21,'6551.33',10),
(40284,'S24_4278',21,'6665.47',2),
(40284,'S32_4289',50,'6054.36',4),
(40284,'S50_1341',33,'3578.6',5),
(40284,'S700_1691',24,'8769.51',6),
(40284,'S700_2466',45,'9573.55',8),
(40284,'S700_3167',25,'6800.82',7),
(40284,'S700_4002',32,'7329.11',9),
(40285,'S10_1678',36,'9570.52',6),
(40285,'S10_2016',47,'11061.43',9),
(40285,'S10_4698',27,'16655.37',8),
(40285,'S12_2823',49,'13104.86',5),
(40285,'S18_2625',20,'5088.7',10),
(40285,'S24_1578',34,'9129.11',7),
(40285,'S24_2000',39,'6170.52',11),
(40285,'S24_2360',38,'6441.23',3),
(40285,'S32_1374',37,'8291.73',12),
(40285,'S32_2206',37,'3661.43',1),
(40285,'S32_4485',26,'10001.83',4),
(40285,'S50_4713',39,'7648.3',2),
(40285,'S700_2834',45,'10204.86',13),
(40286,'S18_3782',38,'5160.42',1),
(40287,'S12_1099',21,'19068.5',12),
(40287,'S12_3380',45,'11744.26',10),
(40287,'S12_3990',41,'7421.03',13),
(40287,'S12_4675',23,'10710.92',9),
(40287,'S18_1129',41,'11323.05',4),
(40287,'S18_1889',44,'6160.42',8),
(40287,'S18_1984',24,'12376.58',3),
(40287,'S18_2870',44,'11484.66',1),
(40287,'S18_3232',36,'13717.99',5),
(40287,'S18_3278',43,'6835.17',15),
(40287,'S18_3482',40,'12788.7',14),
(40287,'S18_3685',27,'13987.69',2),
(40287,'S18_4721',34,'11904.86',17),
(40287,'S24_2972',36,'3134.16',6),
(40287,'S24_3371',20,'5817.99',11),
(40287,'S24_3856',36,'13762.44',7),
(40287,'S24_4620',40,'7922.04',16),
(40288,'S18_1589',20,'12071.53',14),
(40288,'S18_1749',32,'16830.12',5),
(40288,'S18_2248',28,'5025.07',4),
(40288,'S18_2325',31,'10298.8',2),
(40288,'S18_4409',35,'9019.01',6),
(40288,'S18_4933',23,'5702.84',7),
(40288,'S24_1046',36,'6688.7',11),
(40288,'S24_1628',50,'4930.12',13),
(40288,'S24_1937',29,'3219.01',1),
(40288,'S24_2766',35,'8178.6',9),
(40288,'S24_2887',48,'10922.04',8),
(40288,'S24_3191',34,'7619.01',10),
(40288,'S24_3432',41,'10173.55',12),
(40288,'S24_3969',33,'3775.57',3),
(40289,'S18_1342',38,'9247.29',2),
(40289,'S18_1367',24,'4475.57',1),
(40289,'S18_2795',43,'14175.57',3),
(40289,'S24_2022',45,'4122.04',4),
(40290,'S18_3320',26,'8036.18',2),
(40290,'S24_4258',45,'8376.58',1),
(40291,'S10_1949',37,'21001.83',11),
(40291,'S10_4962',30,'14183.65',4),
(40291,'S12_1666',41,'12300.82',8),
(40291,'S18_1097',41,'9684.66',10),
(40291,'S18_2432',26,'5226.08',2),
(40291,'S18_2949',47,'9928.1',12),
(40291,'S18_2957',37,'5621.03',14),
(40291,'S18_3136',23,'9320.02',13),
(40291,'S18_4600',48,'9686.68',5),
(40291,'S18_4668',29,'4528.1',9),
(40291,'S24_2300',48,'10990.72',1),
(40291,'S32_1268',26,'8283.65',3),
(40291,'S32_3522',32,'5300.82',7),
(40291,'S700_2824',28,'8699.81',6),
(40292,'S12_4473',21,'9480.62',8),
(40292,'S18_2238',26,'14081.63',7),
(40292,'S18_2319',41,'10309.91',11),
(40292,'S18_3232',21,'14733.15',12),
(40292,'S18_4027',44,'11490.72',2),
(40292,'S24_1444',40,'4855.37',5),
(40292,'S24_2840',39,'3430.12',9),
(40292,'S24_4048',27,'11355.37',4),
(40292,'S32_2509',50,'5411.93',10),
(40292,'S32_3207',31,'5965.47',3),
(40292,'S50_1392',41,'11344.26',6),
(40292,'S50_1514',35,'4979.61',1),
(40293,'S12_1108',46,'18702.84',8),
(40293,'S12_3148',24,'12993.75',9),
(40293,'S12_3891',45,'17129.11',7),
(40293,'S18_3140',24,'11064.46',4),
(40293,'S18_3259',22,'9176.58',6),
(40293,'S18_4522',49,'7285.67',3),
(40293,'S24_2011',21,'11183.65',2),
(40293,'S700_1938',29,'7795.77',5),
(40293,'S72_3212',32,'5132.14',1),
(40294,'S700_3962',45,'9832.14',1),
(40295,'S10_4757',24,'13600.82',1),
(40295,'S24_3151',46,'8408.9',3),
(40295,'S700_1138',26,'6200.82',4),
(40295,'S700_2610',44,'7156.38',2),
(40295,'S700_3505',34,'9316.98',5),
(40296,'S18_1662',36,'14665.47',7),
(40296,'S18_3029',21,'6968.5',13),
(40296,'S18_3856',22,'10587.69',12),
(40296,'S24_2841',21,'6097.79',8),
(40296,'S24_3420',31,'6378.6',9),
(40296,'S24_3816',22,'8302.84',14),
(40296,'S24_3949',32,'6346.28',6),
(40296,'S50_1341',26,'4102.84',1),
(40296,'S700_1691',42,'7581.63',2),
(40296,'S700_2047',34,'8961.43',11),
(40296,'S700_2466',24,'9673.55',4),
(40296,'S700_3167',22,'7440.22',3),
(40296,'S700_4002',47,'6144.26',5),
(40296,'S72_1253',21,'4668.5',10),
(40297,'S18_2581',25,'8195.77',4),
(40297,'S24_1785',32,'10723.05',6),
(40297,'S24_2000',32,'7008.9',1),
(40297,'S24_4278',23,'7173.55',5),
(40297,'S32_1374',26,'8890.72',2),
(40297,'S32_4289',28,'6329.11',7),
(40297,'S700_2834',35,'11153.35',3),
(40298,'S10_2016',39,'10586.68',1),
(40298,'S18_2625',32,'6057.39',2),
(40299,'S10_1678',23,'7656.38',9),
(40299,'S10_4698',29,'16461.43',11),
(40299,'S12_2823',24,'12351.33',8),
(40299,'S18_3782',39,'6217.99',3),
(40299,'S18_4721',49,'11904.86',2),
(40299,'S24_1578',47,'10707.89',10),
(40299,'S24_2360',33,'5887.69',6),
(40299,'S24_4620',32,'6629.11',1),
(40299,'S32_2206',24,'3621.03',4),
(40299,'S32_4485',38,'8470.52',7),
(40299,'S50_4713',44,'7729.11',5),
(40300,'S12_1099',33,'18484.66',5),
(40300,'S12_3380',29,'11627.09',3),
(40300,'S12_3990',22,'7661.43',6),
(40300,'S12_4675',23,'9558.4',2),
(40300,'S18_1889',41,'6314.96',1),
(40300,'S18_3278',49,'6594.76',8),
(40300,'S18_3482',23,'14405.87',7),
(40300,'S24_3371',31,'5205.87',4),
(40301,'S18_1129',37,'11465.47',8),
(40301,'S18_1589',32,'11822.04',4),
(40301,'S18_1984',47,'11949.31',7),
(40301,'S18_2870',22,'11352.34',5),
(40301,'S18_3232',23,'13547.29',9),
(40301,'S18_3685',39,'13704.86',6),
(40301,'S24_1046',27,'6467.49',1),
(40301,'S24_1628',22,'4075.57',3),
(40301,'S24_2972',48,'3210.92',10),
(40301,'S24_3432',22,'8673.55',2),
(40301,'S24_3856',50,'12217.99',11),
(40302,'S18_1749',43,'16660.42',1),
(40302,'S18_4409',38,'8283.65',2),
(40302,'S18_4933',23,'7056.38',3),
(40302,'S24_2766',49,'7542.24',5),
(40302,'S24_2887',45,'10452.34',4),
(40302,'S24_3191',48,'7448.3',6),
(40303,'S18_2248',46,'5691.73',2),
(40303,'S24_3969',24,'3570.52',1),
(40304,'S10_1949',47,'20144.26',6),
(40304,'S12_1666',39,'11754.36',3),
(40304,'S18_1097',46,'10617.99',5),
(40304,'S18_1342',37,'9555.37',13),
(40304,'S18_1367',37,'4690.72',12),
(40304,'S18_2325',24,'10298.8',17),
(40304,'S18_2795',20,'14175.57',14),
(40304,'S18_2949',46,'9827.09',7),
(40304,'S18_2957',24,'5434.16',9),
(40304,'S18_3136',26,'9006.88',8),
(40304,'S18_3320',38,'9524.06',11),
(40304,'S18_4668',34,'4427.09',4),
(40304,'S24_1937',23,'2921.03',16),
(40304,'S24_2022',44,'4211.93',15),
(40304,'S24_4258',33,'8083.65',10),
(40304,'S32_3522',36,'5236.18',2),
(40304,'S700_2824',40,'8092.74',1),
(40305,'S10_4962',38,'13001.83',13),
(40305,'S12_4473',38,'10784.66',5),
(40305,'S18_2238',27,'13262.44',4),
(40305,'S18_2319',36,'11782.64',8),
(40305,'S18_2432',41,'5895.77',11),
(40305,'S18_3232',37,'16087.69',9),
(40305,'S18_4600',22,'11260.42',14),
(40305,'S24_1444',45,'4855.37',2),
(40305,'S24_2300',24,'10734.16',10),
(40305,'S24_2840',48,'3076.58',6),
(40305,'S24_4048',36,'11828.1',1),
(40305,'S32_1268',28,'9438.2',12),
(40305,'S32_2509',40,'4870.52',7),
(40305,'S50_1392',42,'10996.78',3),
(40306,'S12_1108',31,'18286.68',13),
(40306,'S12_3148',34,'14504.86',14),
(40306,'S12_3891',20,'14534.16',12),
(40306,'S18_3140',32,'11474.56',9),
(40306,'S18_3259',40,'8370.52',11),
(40306,'S18_4027',23,'12639.21',16),
(40306,'S18_4522',39,'8514.96',8),
(40306,'S24_2011',29,'10937.19',7),
(40306,'S24_3151',31,'7612.94',2),
(40306,'S32_3207',46,'6028.1',17),
(40306,'S50_1514',34,'5155.37',15),
(40306,'S700_1138',50,'6134.16',3),
(40306,'S700_1938',38,'7362.44',10),
(40306,'S700_2610',43,'6216.98',1),
(40306,'S700_3505',32,'9917.99',4),
(40306,'S700_3962',30,'8739.21',5),
(40306,'S72_3212',35,'4805.87',6),
(40307,'S10_4757',22,'11832.14',9),
(40307,'S18_1662',39,'13561.43',1),
(40307,'S18_3029',31,'7140.22',7),
(40307,'S18_3856',48,'9211.93',6),
(40307,'S24_2841',25,'5823.05',2),
(40307,'S24_3420',22,'6444.26',3),
(40307,'S24_3816',22,'7547.29',8),
(40307,'S700_2047',34,'8147.29',5),
(40307,'S72_1253',34,'4420.02',4),
(40308,'S10_2016',34,'11537.19',2),
(40308,'S10_4698',20,'18785.67',1),
(40308,'S18_2581',27,'8195.77',7),
(40308,'S18_2625',34,'4846.28',3),
(40308,'S24_1785',31,'9957.39',9),
(40308,'S24_2000',47,'6855.37',4),
(40308,'S24_3949',43,'5800.82',16),
(40308,'S24_4278',44,'7173.55',8),
(40308,'S32_1374',24,'9989.71',5),
(40308,'S32_4289',46,'6122.04',10),
(40308,'S50_1341',47,'3709.91',11),
(40308,'S700_1691',21,'7307.89',12),
(40308,'S700_2466',35,'8875.57',14),
(40308,'S700_2834',31,'10085.67',6),
(40308,'S700_3167',21,'7920.02',13),
(40308,'S700_4002',39,'6293.75',15),
(40309,'S10_1678',41,'9474.56',5),
(40309,'S12_2823',26,'14460.42',4),
(40309,'S24_1578',21,'9692.74',6),
(40309,'S24_2360',24,'5956.38',2),
(40309,'S32_4485',50,'9389.71',3),
(40309,'S50_4713',28,'7404.86',1),
(40310,'S12_1099',33,'16538.2',10),
(40310,'S12_3380',24,'10570.52',8),
(40310,'S12_3990',49,'7741.23',11),
(40310,'S12_4675',25,'10134.16',7),
(40310,'S18_1129',37,'12880.62',2),
(40310,'S18_1889',20,'6699.81',6),
(40310,'S18_1984',24,'12945.27',1),
(40310,'S18_3232',48,'15918',3),
(40310,'S18_3278',27,'7076.58',13),
(40310,'S18_3482',49,'12200.82',12),
(40310,'S18_3782',42,'5906.88',16),
(40310,'S18_4721',40,'13392.74',15),
(40310,'S24_2972',33,'3323.05',4),
(40310,'S24_3371',38,'5021.03',9),
(40310,'S24_3856',45,'13903.85',5),
(40310,'S24_4620',49,'7518',14),
(40310,'S32_2206',36,'3862.44',17),
(40311,'S18_1589',29,'12444.26',9),
(40311,'S18_2870',43,'11484.66',10),
(40311,'S18_3685',32,'13422.04',11),
(40311,'S18_4409',41,'9203.85',1),
(40311,'S18_4933',25,'6699.81',2),
(40311,'S24_1046',26,'7055.37',6),
(40311,'S24_1628',45,'4880.62',8),
(40311,'S24_2766',28,'8905.87',4),
(40311,'S24_2887',43,'11627.09',3),
(40311,'S24_3191',25,'8561.43',5),
(40311,'S24_3432',46,'9102.84',7),
(40312,'S10_1949',48,'21430.12',3),
(40312,'S18_1097',32,'10150.32',2),
(40312,'S18_1342',43,'10274.56',10),
(40312,'S18_1367',25,'4367.49',9),
(40312,'S18_1749',48,'14620.02',17),
(40312,'S18_2248',30,'4843.25',16),
(40312,'S18_2325',31,'11187.69',14),
(40312,'S18_2795',25,'15019.01',11),
(40312,'S18_2949',37,'9118',4),
(40312,'S18_2957',35,'5434.16',6),
(40312,'S18_3136',38,'9320.02',5),
(40312,'S18_3320',33,'8433.15',8),
(40312,'S18_4668',39,'4427.09',1),
(40312,'S24_1937',39,'2788.7',13),
(40312,'S24_2022',23,'4346.28',12),
(40312,'S24_3969',31,'4021.03',15),
(40312,'S24_4258',44,'9642.24',7),
(40313,'S10_4962',40,'14183.65',7),
(40313,'S12_1666',21,'13120.02',11),
(40313,'S18_2319',29,'10923.05',2),
(40313,'S18_2432',34,'5287.69',5),
(40313,'S18_3232',25,'14394.76',3),
(40313,'S18_4600',28,'11018',8),
(40313,'S24_2300',42,'10223.05',4),
(40313,'S32_1268',27,'9631.13',6),
(40313,'S32_2509',38,'4870.52',1),
(40313,'S32_3522',34,'5559.41',10),
(40313,'S700_2824',30,'9609.91',9),
(40314,'S12_1108',38,'17663.45',5),
(40314,'S12_3148',46,'12540.22',6),
(40314,'S12_3891',36,'16956.38',4),
(40314,'S12_4473',45,'9599.81',14),
(40314,'S18_2238',42,'13590.72',13),
(40314,'S18_3140',20,'12976.58',1),
(40314,'S18_3259',23,'8471.53',3),
(40314,'S18_4027',29,'12926.08',8),
(40314,'S24_1444',44,'5144.26',11),
(40314,'S24_2840',39,'3182.64',15),
(40314,'S24_4048',38,'11118',10),
(40314,'S32_3207',35,'5841.23',9),
(40314,'S50_1392',28,'11575.57',12),
(40314,'S50_1514',38,'5038.2',7),
(40314,'S700_1938',23,'8315.97',2),
(40315,'S18_4522',36,'7812.94',7),
(40315,'S24_2011',35,'11183.65',6),
(40315,'S24_3151',24,'7877.59',1),
(40315,'S700_1138',41,'6067.49',2),
(40315,'S700_3505',31,'9917.99',3),
(40315,'S700_3962',37,'8839.21',4),
(40315,'S72_3212',40,'5132.14',5),
(40316,'S10_4757',33,'12648.3',17),
(40316,'S18_1662',27,'14034.16',9),
(40316,'S18_3029',21,'7226.08',15),
(40316,'S18_3856',47,'8999.81',14),
(40316,'S24_1785',25,'9301.83',1),
(40316,'S24_2841',34,'6714.96',10),
(40316,'S24_3420',47,'5523.05',11),
(40316,'S24_3816',25,'7715.97',16),
(40316,'S24_3949',30,'6756.38',8),
(40316,'S32_4289',24,'5916.98',2),
(40316,'S50_1341',34,'3666.48',3),
(40316,'S700_1691',34,'7490.72',4),
(40316,'S700_2047',45,'7332.14',13),
(40316,'S700_2466',23,'8576.58',6),
(40316,'S700_2610',48,'6722.04',18),
(40316,'S700_3167',48,'7760.42',5),
(40316,'S700_4002',44,'6811.93',7),
(40316,'S72_1253',34,'4370.52',12),
(40317,'S24_4278',35,'6955.37',1),
(40318,'S10_1678',46,'8422.04',1),
(40318,'S10_2016',45,'10229.11',4),
(40318,'S10_4698',37,'18979.61',3),
(40318,'S18_2581',31,'8195.77',9),
(40318,'S18_2625',42,'4967.49',5),
(40318,'S24_1578',48,'9354.36',2),
(40318,'S24_2000',26,'6094.76',6),
(40318,'S32_1374',47,'8191.73',7),
(40318,'S700_2834',50,'10204.86',8),
(40319,'S12_2823',30,'13405.87',9),
(40319,'S18_3278',46,'7719.01',1),
(40319,'S18_3782',44,'5471.53',4),
(40319,'S18_4721',45,'12053.35',3),
(40319,'S24_2360',31,'6580.62',7),
(40319,'S24_4620',43,'7841.23',2),
(40319,'S32_2206',29,'3500.82',5),
(40319,'S32_4485',22,'9695.77',8),
(40319,'S50_4713',45,'7973.55',6),
(40320,'S12_1099',31,'18484.66',3),
(40320,'S12_3380',35,'10217.99',1),
(40320,'S12_3990',38,'6384.66',4),
(40320,'S18_3482',25,'13964.46',5),
(40320,'S24_3371',26,'6062.44',2),
(40321,'S12_4675',24,'10595.77',15),
(40321,'S18_1129',41,'12314.96',10),
(40321,'S18_1589',44,'12071.53',6),
(40321,'S18_1889',37,'7392.74',14),
(40321,'S18_1984',25,'14225.07',9),
(40321,'S18_2870',27,'12672.54',7),
(40321,'S18_3232',33,'16426.08',11),
(40321,'S18_3685',28,'13845.27',8),
(40321,'S24_1046',30,'6835.17',3),
(40321,'S24_1628',48,'4276.58',5),
(40321,'S24_2766',30,'7451.33',1),
(40321,'S24_2972',37,'3172.54',12),
(40321,'S24_3191',39,'8133.15',2),
(40321,'S24_3432',21,'10387.69',4),
(40321,'S24_3856',26,'13762.44',13),
(40322,'S10_1949',40,'18001.83',1),
(40322,'S10_4962',46,'14183.65',8),
(40322,'S12_1666',27,'13667.49',9),
(40322,'S18_1097',22,'10150.32',10),
(40322,'S18_1342',43,'9247.29',14),
(40322,'S18_1367',41,'4421.03',5),
(40322,'S18_2325',50,'12077.59',6),
(40322,'S18_2432',35,'5712.94',11),
(40322,'S18_2795',36,'15863.45',2),
(40322,'S18_2949',33,'10030.12',12),
(40322,'S18_2957',41,'5434.16',13),
(40322,'S18_3136',48,'9006.88',7),
(40322,'S24_1937',20,'2655.37',3),
(40322,'S24_2022',30,'4077.59',4),
(40323,'S18_3320',33,'8830.12',2),
(40323,'S18_4600',47,'9686.68',1),
(40324,'S12_3148',27,'14806.88',1),
(40324,'S12_4473',26,'10073.55',7),
(40324,'S18_2238',47,'14245.27',8),
(40324,'S18_2319',33,'10555.37',10),
(40324,'S18_3232',27,'13717.99',12),
(40324,'S18_4027',49,'12064.46',13),
(40324,'S18_4668',38,'4981.63',6),
(40324,'S24_1444',25,'4971.53',14),
(40324,'S24_2300',31,'10734.16',2),
(40324,'S24_2840',30,'2935.17',9),
(40324,'S24_4258',33,'9544.26',3),
(40324,'S32_1268',20,'9149.31',11),
(40324,'S32_3522',48,'6076.58',4),
(40324,'S700_2824',34,'8092.74',5),
(40325,'S10_4757',47,'11152.34',6),
(40325,'S12_1108',42,'19325.07',8),
(40325,'S12_3891',24,'16610.92',1),
(40325,'S18_3140',24,'11474.56',9),
(40325,'S24_4048',44,'11473.55',5),
(40325,'S32_2509',38,'4437.19',3),
(40325,'S32_3207',28,'5530.12',2),
(40325,'S50_1392',38,'9955.37',4),
(40325,'S50_1514',44,'5624.06',7),
(40326,'S18_3259',32,'9479.61',6),
(40326,'S18_4522',50,'7373.55',5),
(40326,'S24_2011',41,'12043.25',4),
(40326,'S24_3151',41,'8674.56',3),
(40326,'S24_3816',20,'8134.16',2),
(40326,'S700_1138',39,'6067.49',1),
(40327,'S18_1662',25,'15454.36',6),
(40327,'S18_2581',45,'7434.16',8),
(40327,'S18_3029',25,'7484.66',5),
(40327,'S700_1938',20,'7968.5',7),
(40327,'S700_2610',21,'6505.87',1),
(40327,'S700_3505',43,'8514.96',2),
(40327,'S700_3962',37,'8342.24',3),
(40327,'S72_3212',37,'4805.87',4),
(40328,'S18_3856',34,'10481.63',6),
(40328,'S24_1785',47,'8754.36',14),
(40328,'S24_2841',48,'6782.64',1),
(40328,'S24_3420',20,'5655.37',2),
(40328,'S24_3949',35,'5596.78',3),
(40328,'S24_4278',43,'6955.37',4),
(40328,'S32_4289',24,'5710.92',5),
(40328,'S50_1341',34,'4233.15',7),
(40328,'S700_1691',27,'8403.85',8),
(40328,'S700_2047',41,'7513.95',9),
(40328,'S700_2466',37,'9573.55',10),
(40328,'S700_2834',33,'11746.28',11),
(40328,'S700_3167',33,'7120.02',13),
(40328,'S700_4002',39,'6959.41',12),
(40329,'S10_1678',42,'8039.21',1),
(40329,'S10_2016',20,'10942.24',2),
(40329,'S10_4698',26,'16461.43',3),
(40329,'S12_1099',41,'18290.72',5),
(40329,'S12_2823',24,'12803.85',6),
(40329,'S12_3380',46,'11744.26',13),
(40329,'S12_3990',33,'7421.03',14),
(40329,'S12_4675',39,'10249.31',15),
(40329,'S18_1889',29,'6622.04',9),
(40329,'S18_2625',38,'5572.54',12),
(40329,'S18_3278',38,'6513.95',10),
(40329,'S24_1578',30,'10481.63',7),
(40329,'S24_2000',37,'7160.42',4),
(40329,'S32_1374',45,'8091.73',11),
(40329,'S72_1253',44,'4122.04',8),
(40330,'S18_3482',37,'13670.52',3),
(40330,'S18_3782',29,'5906.88',2),
(40330,'S18_4721',50,'13392.74',4),
(40330,'S24_2360',42,'5610.92',1),
(40331,'S18_1129',46,'12031.13',6),
(40331,'S18_1589',44,'9955.37',14),
(40331,'S18_1749',44,'15470.52',7),
(40331,'S18_1984',30,'13514.96',8),
(40331,'S18_2870',26,'13068.5',10),
(40331,'S18_3232',27,'16934.16',11),
(40331,'S18_3685',26,'13280.62',12),
(40331,'S24_2972',27,'3700.82',13),
(40331,'S24_3371',25,'5511.93',9),
(40331,'S24_3856',21,'13903.85',1),
(40331,'S24_4620',41,'7033.15',2),
(40331,'S32_2206',28,'3339.21',3),
(40331,'S32_4485',32,'10001.83',4),
(40331,'S50_4713',20,'7404.86',5),
(40332,'S18_1342',46,'8938.2',15),
(40332,'S18_1367',27,'5121.03',16),
(40332,'S18_2248',38,'5388.7',9),
(40332,'S18_2325',35,'11696.78',8),
(40332,'S18_2795',24,'13838.2',1),
(40332,'S18_2957',26,'5309.91',17),
(40332,'S18_3136',40,'10053.35',18),
(40332,'S18_4409',50,'9203.85',2),
(40332,'S18_4933',21,'7056.38',3),
(40332,'S24_1046',23,'6173.55',4),
(40332,'S24_1628',20,'4729.11',5),
(40332,'S24_1937',45,'2987.69',6),
(40332,'S24_2022',26,'4301.83',10),
(40332,'S24_2766',39,'8451.33',7),
(40332,'S24_2887',44,'10804.86',11),
(40332,'S24_3191',45,'7791.73',12),
(40332,'S24_3432',31,'9423.05',13),
(40332,'S24_3969',41,'3447.29',14),
(40333,'S10_1949',26,'18858.4',3),
(40333,'S12_1666',33,'12164.46',6),
(40333,'S18_1097',29,'11084.66',7),
(40333,'S18_2949',31,'9523.05',5),
(40333,'S18_3320',46,'9524.06',2),
(40333,'S18_4668',24,'4226.08',8),
(40333,'S24_4258',39,'9544.26',1),
(40333,'S32_3522',33,'6205.87',4),
(40334,'S10_4962',26,'13001.83',2),
(40334,'S18_2319',46,'10800.82',6),
(40334,'S18_2432',34,'5287.69',1),
(40334,'S18_3232',20,'14733.15',3),
(40334,'S18_4600',49,'10171.53',4),
(40334,'S24_2300',42,'11757.39',5),
(40335,'S24_2840',33,'3288.7',2),
(40335,'S32_1268',44,'7705.87',1),
(40335,'S32_2509',40,'4978.6',3),
(40336,'S12_1108',33,'17663.45',10),
(40336,'S12_3148',33,'12691.73',11),
(40336,'S12_3891',49,'14188.7',1),
(40336,'S12_4473',38,'9599.81',3),
(40336,'S18_2238',49,'15391.73',6),
(40336,'S18_3140',48,'13522.04',12),
(40336,'S18_3259',21,'10084.66',7),
(40336,'S24_1444',45,'4971.53',4),
(40336,'S24_4048',31,'11355.37',5),
(40336,'S32_3207',31,'5903.85',9),
(40336,'S50_1392',23,'10996.78',8),
(40336,'S700_2824',46,'9407.89',2),
(40337,'S10_4757',25,'13192.74',8),
(40337,'S18_4027',36,'14075.57',3),
(40337,'S18_4522',29,'7636.18',2),
(40337,'S24_2011',29,'11920.02',4),
(40337,'S50_1514',21,'5448.3',6),
(40337,'S700_1938',36,'7362.44',9),
(40337,'S700_3505',31,'8414.96',1),
(40337,'S700_3962',36,'8342.24',7),
(40337,'S72_3212',42,'4914.96',5),
(40338,'S18_1662',41,'13719.01',1),
(40338,'S18_3029',28,'8086.68',3),
(40338,'S18_3856',45,'9317.99',2),
(40339,'S10_2016',40,'11775.57',4),
(40339,'S10_4698',39,'17817.99',3),
(40339,'S18_2581',27,'7941.23',2),
(40339,'S18_2625',30,'4846.28',1),
(40339,'S24_1578',27,'9692.74',10),
(40339,'S24_1785',21,'10614.96',7),
(40339,'S24_2841',55,'6782.64',12),
(40339,'S24_3151',55,'7346.28',13),
(40339,'S24_3420',29,'5786.68',14),
(40339,'S24_3816',42,'7296.78',16),
(40339,'S24_3949',45,'5732.14',11),
(40339,'S700_1138',22,'5334.16',5),
(40339,'S700_2047',55,'8690.72',15),
(40339,'S700_2610',50,'6216.98',9),
(40339,'S700_4002',50,'6663.45',8),
(40339,'S72_1253',27,'4966.48',6),
(40340,'S24_2000',55,'6246.28',8),
(40340,'S24_4278',40,'6376.58',1),
(40340,'S32_1374',55,'9589.71',2),
(40340,'S32_4289',39,'6741.23',3),
(40340,'S50_1341',40,'3709.91',4),
(40340,'S700_1691',30,'7399.81',5),
(40340,'S700_2466',55,'8177.59',7),
(40340,'S700_2834',29,'9848.3',6),
(40341,'S10_1678',41,'8422.04',9),
(40341,'S12_1099',45,'19262.44',2),
(40341,'S12_2823',55,'12050.32',8),
(40341,'S12_3380',44,'11157.39',1),
(40341,'S12_3990',36,'7741.23',10),
(40341,'S12_4675',55,'10940.22',7),
(40341,'S24_2360',32,'6303.85',6),
(40341,'S32_4485',31,'9593.75',4),
(40341,'S50_4713',38,'7811.93',3),
(40341,'S700_3167',34,'7040.22',5),
(40342,'S18_1129',40,'11889.71',2),
(40342,'S18_1889',55,'6314.96',1),
(40342,'S18_1984',22,'11522.04',3),
(40342,'S18_3232',30,'16765.47',4),
(40342,'S18_3278',25,'7639.21',5),
(40342,'S18_3482',55,'13670.52',7),
(40342,'S18_3782',26,'5782.64',8),
(40342,'S18_4721',38,'12499.81',11),
(40342,'S24_2972',39,'3059.41',9),
(40342,'S24_3371',48,'6001.83',10),
(40342,'S24_3856',42,'11234.16',6),
(40343,'S18_1589',36,'10951.33',4),
(40343,'S18_2870',25,'11880.62',3),
(40343,'S18_3685',44,'12715.97',2),
(40343,'S24_1628',27,'4478.6',6),
(40343,'S24_4620',30,'7680.62',1),
(40343,'S32_2206',29,'3741.23',5),
(40344,'S18_1749',45,'16830.12',1),
(40344,'S18_2248',40,'4904.86',2),
(40344,'S18_2325',30,'11823.05',3),
(40344,'S18_4409',21,'8099.81',4),
(40344,'S18_4933',26,'6842.24',5),
(40344,'S24_1046',29,'6100.82',7),
(40344,'S24_1937',20,'2788.7',6),
(40345,'S24_2022',43,'3898.8',1),
(40346,'S18_1342',42,'8836.18',3),
(40346,'S24_2766',25,'8724.06',1),
(40346,'S24_2887',24,'11744.26',5),
(40346,'S24_3191',24,'8047.29',2),
(40346,'S24_3432',26,'10387.69',6),
(40346,'S24_3969',22,'3857.39',4),
(40347,'S10_1949',30,'18858.4',1),
(40347,'S10_4962',27,'13297.79',2),
(40347,'S12_1666',29,'13257.39',3),
(40347,'S18_1097',42,'11317.99',5),
(40347,'S18_1367',21,'4636.18',7),
(40347,'S18_2432',50,'5105.87',8),
(40347,'S18_2795',21,'13669.51',6),
(40347,'S18_2949',48,'8409.91',9),
(40347,'S18_2957',34,'6059.41',10),
(40347,'S18_3136',45,'9530.12',11),
(40347,'S18_3320',26,'8433.15',12),
(40347,'S18_4600',45,'11503.85',4),
(40348,'S12_1108',48,'20780.62',8),
(40348,'S12_3148',47,'12237.19',4),
(40348,'S18_4668',29,'4377.59',6),
(40348,'S24_2300',37,'10734.16',1),
(40348,'S24_4258',39,'8278.6',2),
(40348,'S32_1268',42,'9053.35',3),
(40348,'S32_3522',31,'6270.52',5),
(40348,'S700_2824',32,'10014.96',7),
(40349,'S12_3891',26,'16610.92',10),
(40349,'S12_4473',48,'11495.77',9),
(40349,'S18_2238',38,'14245.27',8),
(40349,'S18_2319',38,'11782.64',7),
(40349,'S18_3232',48,'16426.08',6),
(40349,'S18_4027',34,'14075.57',5),
(40349,'S24_1444',48,'5029.11',4),
(40349,'S24_2840',36,'3147.29',3),
(40349,'S24_4048',23,'11118',2),
(40349,'S32_2509',33,'4437.19',1),
(40350,'S10_4757',26,'11016.98',5),
(40350,'S18_3029',43,'8430.12',6),
(40350,'S18_3140',44,'13522.04',1),
(40350,'S18_3259',41,'9479.61',2),
(40350,'S18_4522',30,'7022.04',3),
(40350,'S24_2011',34,'9831.13',7),
(40350,'S24_3151',30,'8674.56',9),
(40350,'S24_3816',25,'7715.97',10),
(40350,'S32_3207',27,'6152.34',14),
(40350,'S50_1392',31,'10418',8),
(40350,'S50_1514',44,'5682.64',17),
(40350,'S700_1138',46,'5600.82',11),
(40350,'S700_1938',28,'7622.04',4),
(40350,'S700_2610',29,'6867.49',12),
(40350,'S700_3505',31,'8715.97',13),
(40350,'S700_3962',25,'9732.14',16),
(40350,'S72_3212',20,'4805.87',15),
(40351,'S18_1662',39,'14350.32',1),
(40351,'S18_3856',20,'10481.63',2),
(40351,'S24_2841',25,'6440.22',5),
(40351,'S24_3420',38,'5392.74',4),
(40351,'S24_3949',34,'6824.06',3),
(40352,'S700_2047',23,'7513.95',3),
(40352,'S700_2466',49,'8775.57',2),
(40352,'S700_4002',22,'6219.01',1),
(40352,'S72_1253',49,'4618',4),
(40353,'S18_2581',27,'7181.63',1),
(40353,'S24_1785',28,'10723.05',2),
(40353,'S24_4278',35,'6955.37',3),
(40353,'S32_1374',46,'8690.72',5),
(40353,'S32_4289',40,'6810.92',7),
(40353,'S50_1341',40,'3578.6',8),
(40353,'S700_1691',39,'7307.89',9),
(40353,'S700_2834',48,'9848.3',4),
(40353,'S700_3167',43,'7440.22',6),
(40354,'S10_1678',42,'8422.04',6),
(40354,'S10_2016',20,'9515.97',2),
(40354,'S10_4698',42,'17817.99',3),
(40354,'S12_1099',31,'15760.42',9),
(40354,'S12_2823',35,'14158.4',4),
(40354,'S12_3380',29,'9865.47',11),
(40354,'S12_3990',23,'7661.43',12),
(40354,'S12_4675',28,'10019.01',13),
(40354,'S18_1889',21,'7623.05',8),
(40354,'S18_2625',28,'4906.88',10),
(40354,'S18_3278',36,'6915.97',7),
(40354,'S24_1578',21,'9692.74',5),
(40354,'S24_2000',28,'6246.28',1),
(40355,'S18_3482',23,'11759.41',7),
(40355,'S18_3782',31,'6030.12',1),
(40355,'S18_4721',25,'12499.81',2),
(40355,'S24_2360',41,'5610.92',3),
(40355,'S24_2972',36,'3738.2',4),
(40355,'S24_3371',44,'6062.44',6),
(40355,'S24_3856',32,'13762.44',8),
(40355,'S24_4620',28,'7518',9),
(40355,'S32_2206',38,'3299.81',10),
(40355,'S32_4485',40,'9389.71',5),
(40356,'S18_1129',43,'12031.13',8),
(40356,'S18_1342',50,'8219.01',9),
(40356,'S18_1367',22,'4475.57',6),
(40356,'S18_1984',27,'13087.69',2),
(40356,'S18_2325',29,'10679.61',3),
(40356,'S18_2795',30,'15863.45',1),
(40356,'S24_1937',48,'3186.68',5),
(40356,'S24_2022',26,'4211.93',7),
(40356,'S50_4713',26,'7811.93',4),
(40357,'S10_1949',32,'19930.12',10),
(40357,'S10_4962',43,'13592.74',9),
(40357,'S12_1666',49,'10934.16',8),
(40357,'S18_1097',39,'11200.82',1),
(40357,'S18_2432',41,'5895.77',7),
(40357,'S18_2949',41,'9118',6),
(40357,'S18_2957',49,'5934.16',5),
(40357,'S18_3136',44,'10472.54',4),
(40357,'S18_3320',25,'8433.15',3),
(40357,'S18_4600',28,'10534.16',2),
(40358,'S12_3148',49,'12993.75',5),
(40358,'S12_4473',42,'9836.18',9),
(40358,'S18_2238',20,'14245.27',10),
(40358,'S18_2319',20,'9941.23',11),
(40358,'S18_3232',32,'13717.99',12),
(40358,'S18_4027',25,'11777.59',13),
(40358,'S18_4668',30,'4629.11',8),
(40358,'S24_1444',44,'5607.89',14),
(40358,'S24_2300',41,'12779.61',7),
(40358,'S24_2840',36,'3359.41',4),
(40358,'S24_4258',41,'8862.44',6),
(40358,'S32_1268',41,'8283.65',1),
(40358,'S32_3522',36,'5171.53',2),
(40358,'S700_2824',27,'8598.8',3),
(40359,'S10_4757',48,'12240.22',6),
(40359,'S12_1108',42,'18079.61',8),
(40359,'S12_3891',49,'16264.46',5),
(40359,'S24_4048',22,'10882.64',7),
(40359,'S32_2509',36,'4545.27',3),
(40359,'S32_3207',22,'6214.96',1),
(40359,'S50_1392',46,'9955.37',2),
(40359,'S50_1514',25,'4745.27',4),
(40360,'S18_1662',50,'12615.97',12),
(40360,'S18_2581',41,'6843.25',13),
(40360,'S18_3029',46,'7140.22',14),
(40360,'S18_3140',29,'12293.75',8),
(40360,'S18_3259',29,'9479.61',18),
(40360,'S18_3856',40,'10164.46',15),
(40360,'S18_4522',40,'7636.18',1),
(40360,'S24_1785',22,'10614.96',17),
(40360,'S24_2011',31,'10077.59',2),
(40360,'S24_2841',49,'5549.31',16),
(40360,'S24_3151',36,'7081.63',3),
(40360,'S24_3816',22,'7883.65',4),
(40360,'S700_1138',32,'6467.49',5),
(40360,'S700_1938',26,'8661.43',6),
(40360,'S700_2610',30,'7011.93',7),
(40360,'S700_3505',35,'8314.96',9),
(40360,'S700_3962',31,'9236.18',10),
(40360,'S72_3212',31,'5405.87',11),
(40361,'S10_1678',20,'9283.65',13),
(40361,'S10_2016',26,'11418',8),
(40361,'S24_3420',34,'6246.28',6),
(40361,'S24_3949',26,'6142.24',7),
(40361,'S24_4278',25,'6883.65',1),
(40361,'S32_4289',49,'5641.23',2),
(40361,'S50_1341',33,'3578.6',3),
(40361,'S700_1691',20,'8860.42',4),
(40361,'S700_2047',24,'8599.81',14),
(40361,'S700_2466',26,'9174.56',9),
(40361,'S700_2834',44,'10797.79',5),
(40361,'S700_3167',44,'7680.62',10),
(40361,'S700_4002',35,'6219.01',11),
(40361,'S72_1253',23,'4767.49',12),
(40362,'S10_4698',22,'18204.86',4),
(40362,'S12_2823',22,'13104.86',1),
(40362,'S18_2625',23,'5391.73',3),
(40362,'S24_1578',50,'9129.11',2),
(40363,'S12_1099',33,'18095.77',3),
(40363,'S12_3380',34,'10687.69',4),
(40363,'S12_3990',34,'6863.45',5),
(40363,'S12_4675',46,'10364.46',6),
(40363,'S18_1889',22,'6160.42',7),
(40363,'S18_3278',46,'6915.97',10),
(40363,'S18_3482',24,'12494.76',11),
(40363,'S18_3782',32,'5222.04',12),
(40363,'S18_4721',28,'12350.32',13),
(40363,'S24_2000',21,'7008.9',8),
(40363,'S24_2360',43,'5610.92',14),
(40363,'S24_3371',21,'5205.87',15),
(40363,'S24_3856',31,'11375.57',1),
(40363,'S24_4620',43,'7599.81',9),
(40363,'S32_1374',50,'9290.72',2),
(40364,'S32_2206',48,'3822.04',1),
(40365,'S18_1129',30,'11606.88',1),
(40365,'S32_4485',22,'8266.48',3),
(40365,'S50_4713',44,'6834.16',2),
(40366,'S18_1984',34,'11665.47',3),
(40366,'S18_2870',49,'10560.42',2),
(40366,'S18_3232',34,'15410.92',1),
(40367,'S18_1589',49,'10577.59',1),
(40367,'S18_1749',37,'14450.32',3),
(40367,'S18_2248',45,'5025.07',4),
(40367,'S18_2325',27,'12459.41',5),
(40367,'S18_2795',32,'14006.88',7),
(40367,'S18_3685',46,'13139.21',6),
(40367,'S18_4409',43,'7731.13',8),
(40367,'S18_4933',44,'6699.81',9),
(40367,'S24_1046',21,'7276.58',10),
(40367,'S24_1628',38,'5031.13',11),
(40367,'S24_1937',23,'2954.36',13),
(40367,'S24_2022',28,'4301.83',12),
(40367,'S24_2972',36,'3625.07',2),
(40368,'S24_2766',40,'7360.42',2),
(40368,'S24_2887',31,'11509.91',5),
(40368,'S24_3191',46,'8304.86',1),
(40368,'S24_3432',20,'9316.98',4),
(40368,'S24_3969',46,'3652.34',3),
(40369,'S10_1949',41,'19501.83',2),
(40369,'S18_1342',44,'8938.2',8),
(40369,'S18_1367',32,'4636.18',7),
(40369,'S18_2949',42,'10030.12',1),
(40369,'S18_2957',28,'5184.66',6),
(40369,'S18_3136',21,'9006.88',5),
(40369,'S18_3320',45,'8036.18',4),
(40369,'S24_4258',40,'9349.31',3),
(40370,'S10_4962',35,'12853.35',4),
(40370,'S12_1666',49,'12847.29',8),
(40370,'S18_1097',27,'10034.16',1),
(40370,'S18_2319',22,'10187.69',5),
(40370,'S18_2432',22,'6016.98',7),
(40370,'S18_3232',27,'16765.47',9),
(40370,'S18_4600',29,'10534.16',6),
(40370,'S18_4668',20,'4176.58',2),
(40370,'S32_3522',25,'6399.81',3),
(40371,'S12_1108',32,'17871.53',6),
(40371,'S12_4473',49,'10428.1',4),
(40371,'S18_2238',25,'16046.28',7),
(40371,'S24_1444',25,'5375.57',12),
(40371,'S24_2300',20,'12651.33',5),
(40371,'S24_2840',45,'3501.83',8),
(40371,'S24_4048',28,'9581.63',9),
(40371,'S32_1268',26,'8283.65',1),
(40371,'S32_2509',20,'4437.19',2),
(40371,'S32_3207',30,'5344.26',11),
(40371,'S50_1392',48,'9723.05',10),
(40371,'S700_2824',34,'8395.77',3),
(40372,'S12_3148',40,'14655.37',4),
(40372,'S12_3891',34,'14015.97',1),
(40372,'S18_3140',28,'13113.95',3),
(40372,'S18_3259',25,'9176.58',5),
(40372,'S18_4027',48,'11920.02',6),
(40372,'S18_4522',41,'7899.81',7),
(40372,'S24_2011',37,'10200.82',8),
(40372,'S50_1514',24,'5682.64',9),
(40372,'S700_1938',44,'7448.3',2),
(40373,'S10_4757',39,'11832.14',3),
(40373,'S18_1662',28,'14350.32',4),
(40373,'S18_3029',22,'7570.52',5),
(40373,'S18_3856',50,'9952.34',6),
(40373,'S24_2841',38,'5892.74',7),
(40373,'S24_3151',33,'8231.13',12),
(40373,'S24_3420',46,'5392.74',11),
(40373,'S24_3816',23,'8386.68',10),
(40373,'S24_3949',39,'6210.92',13),
(40373,'S700_1138',44,'5800.82',14),
(40373,'S700_2047',32,'7694.76',15),
(40373,'S700_2610',41,'6939.21',16),
(40373,'S700_3505',34,'9416.98',2),
(40373,'S700_3962',37,'8342.24',8),
(40373,'S700_4002',45,'6811.93',17),
(40373,'S72_1253',25,'4420.02',9),
(40373,'S72_3212',29,'4805.87',1),
(40374,'S10_2016',39,'11537.19',5),
(40374,'S10_4698',22,'15880.62',1),
(40374,'S18_2581',42,'7519.01',2),
(40374,'S18_2625',22,'4846.28',4),
(40374,'S24_1578',38,'11270.52',6),
(40374,'S24_1785',46,'10723.05',3),
(40375,'S10_1678',21,'7656.38',12),
(40375,'S12_1099',45,'18484.66',7),
(40375,'S12_2823',49,'15062.44',13),
(40375,'S24_2000',23,'6703.85',9),
(40375,'S24_2360',20,'6026.08',14),
(40375,'S24_4278',43,'6013.95',2),
(40375,'S32_1374',37,'8790.72',3),
(40375,'S32_4289',44,'5985.67',4),
(40375,'S32_4485',41,'9695.77',15),
(40375,'S50_1341',49,'3622.04',5),
(40375,'S50_4713',49,'6916.98',8),
(40375,'S700_1691',37,'8677.59',6),
(40375,'S700_2466',33,'9473.55',1),
(40375,'S700_2834',25,'9848.3',10),
(40375,'S700_3167',44,'6960.42',11),
(40376,'S12_3380',35,'9865.47',1),
(40377,'S12_3990',24,'6544.26',5),
(40377,'S12_4675',50,'11286.68',1),
(40377,'S18_1129',35,'12456.38',2),
(40377,'S18_1889',31,'6160.42',4),
(40377,'S18_1984',36,'12518',6),
(40377,'S18_3232',39,'14394.76',3),
(40378,'S18_1589',34,'12195.77',5),
(40378,'S18_3278',22,'6674.56',4),
(40378,'S18_3482',43,'14699.81',10),
(40378,'S18_3782',28,'6030.12',9),
(40378,'S18_4721',49,'12202.84',8),
(40378,'S24_2972',41,'3059.41',7),
(40378,'S24_3371',46,'5266.48',6),
(40378,'S24_3856',33,'12920.02',3),
(40378,'S24_4620',41,'8084.66',2),
(40378,'S32_2206',40,'3580.62',1),
(40379,'S18_1749',39,'15640.22',2),
(40379,'S18_2248',27,'5085.67',1),
(40379,'S18_2870',29,'11352.34',5),
(40379,'S18_3685',32,'13422.04',4),
(40379,'S24_1628',32,'4880.62',3),
(40380,'S18_1342',27,'8836.18',13),
(40380,'S18_2325',40,'11950.32',10),
(40380,'S18_2795',21,'15694.76',8),
(40380,'S18_4409',32,'7823.05',1),
(40380,'S18_4933',24,'6699.81',2),
(40380,'S24_1046',34,'6688.7',3),
(40380,'S24_1937',32,'2987.69',4),
(40380,'S24_2022',27,'3763.45',5),
(40380,'S24_2766',36,'7724.06',6),
(40380,'S24_2887',44,'11157.39',7),
(40380,'S24_3191',44,'7705.87',9),
(40380,'S24_3432',34,'9102.84',11),
(40380,'S24_3969',43,'3282.64',12),
(40381,'S10_1949',36,'18216.98',3),
(40381,'S10_4962',37,'13888.7',6),
(40381,'S12_1666',20,'13257.39',1),
(40381,'S18_1097',48,'11434.16',2),
(40381,'S18_1367',25,'4960.42',9),
(40381,'S18_2432',35,'6077.59',7),
(40381,'S18_2949',41,'10030.12',8),
(40381,'S18_2957',40,'5122.04',4),
(40381,'S18_3136',35,'9320.02',5),
(40382,'S12_1108',34,'16624.06',10),
(40382,'S12_3148',37,'14504.86',11),
(40382,'S12_3891',34,'14361.43',12),
(40382,'S12_4473',32,'10310.92',13),
(40382,'S18_2238',25,'16046.28',5),
(40382,'S18_3320',50,'8433.15',7),
(40382,'S18_4600',39,'11503.85',1),
(40382,'S18_4668',39,'4629.11',2),
(40382,'S24_2300',20,'12012.94',3),
(40382,'S24_4258',33,'9739.21',4),
(40382,'S32_1268',26,'8572.54',6),
(40382,'S32_3522',48,'5753.35',8),
(40382,'S700_2824',34,'10115.97',9),
(40383,'S18_2319',27,'11905.87',11),
(40383,'S18_3140',24,'12566.48',9),
(40383,'S18_3232',47,'15579.61',6),
(40383,'S18_3259',26,'8370.52',12),
(40383,'S18_4027',38,'13788.7',1),
(40383,'S18_4522',28,'7724.06',7),
(40383,'S24_1444',22,'5260.42',2),
(40383,'S24_2840',40,'3324.06',3),
(40383,'S24_4048',21,'11710.92',4),
(40383,'S32_2509',32,'5357.39',5),
(40383,'S32_3207',44,'5593.75',8),
(40383,'S50_1392',29,'9492.74',13),
(40383,'S50_1514',38,'4862.44',10),
(40384,'S10_4757',34,'12920.02',4),
(40384,'S24_2011',28,'11429.11',3),
(40384,'S24_3151',43,'7169.51',2),
(40384,'S700_1938',49,'7102.84',1),
(40385,'S24_3816',37,'7883.65',2),
(40385,'S700_1138',25,'6200.82',1),
(40386,'S18_1662',25,'13088.7',7),
(40386,'S18_2581',21,'7265.47',18),
(40386,'S18_3029',37,'7312.94',5),
(40386,'S18_3856',22,'10058.4',6),
(40386,'S24_1785',33,'10176.58',11),
(40386,'S24_2841',39,'5686.68',1),
(40386,'S24_3420',35,'5457.39',9),
(40386,'S24_3949',41,'5596.78',12),
(40386,'S24_4278',50,'7173.55',8),
(40386,'S700_2047',29,'8509.91',13),
(40386,'S700_2466',37,'9075.57',14),
(40386,'S700_2610',37,'6722.04',10),
(40386,'S700_3167',32,'6800.82',17),
(40386,'S700_3505',45,'8314.96',2),
(40386,'S700_3962',30,'8044.26',3),
(40386,'S700_4002',44,'5922.04',15),
(40386,'S72_1253',50,'4767.49',16),
(40386,'S72_3212',43,'5242.24',4),
(40387,'S32_1374',44,'7991.73',1),
(40388,'S10_1678',42,'8039.21',4),
(40388,'S10_2016',50,'11894.76',5),
(40388,'S10_4698',21,'15686.68',7),
(40388,'S12_2823',44,'12501.83',6),
(40388,'S32_4289',35,'5847.29',8),
(40388,'S50_1341',27,'4102.84',1),
(40388,'S700_1691',46,'7490.72',2),
(40388,'S700_2834',50,'11153.35',3),
(40389,'S12_1099',26,'18290.72',4),
(40389,'S12_3380',25,'9513.95',6),
(40389,'S12_3990',36,'7661.43',7),
(40389,'S12_4675',47,'10249.31',8),
(40389,'S18_1889',49,'6391.73',3),
(40389,'S18_2625',39,'5209.91',5),
(40389,'S24_1578',45,'11270.52',1),
(40389,'S24_2000',49,'6170.52',2),
(40390,'S18_1129',36,'11748.3',14),
(40390,'S18_1984',34,'13229.11',15),
(40390,'S18_2325',31,'10298.8',16),
(40390,'S18_2795',26,'16200.82',7),
(40390,'S18_3278',40,'7559.41',9),
(40390,'S18_3482',50,'13523.05',1),
(40390,'S18_3782',36,'5409.91',2),
(40390,'S18_4721',49,'12202.84',3),
(40390,'S24_2360',35,'6787.69',4),
(40390,'S24_2972',37,'3587.69',5),
(40390,'S24_3371',46,'5143.25',6),
(40390,'S24_3856',45,'13481.63',8),
(40390,'S24_4620',30,'6629.11',10),
(40390,'S32_2206',41,'3902.84',11),
(40390,'S32_4485',45,'10103.85',12),
(40390,'S50_4713',22,'8136.18',13),
(40391,'S10_1949',24,'19501.83',4),
(40391,'S10_4962',37,'12115.97',7),
(40391,'S12_1666',39,'11070.52',9),
(40391,'S18_1097',29,'11434.16',10),
(40391,'S18_1342',35,'10274.56',2),
(40391,'S18_1367',42,'4744.26',3),
(40391,'S18_2432',44,'5773.55',5),
(40391,'S18_2949',32,'9928.1',6),
(40391,'S24_1937',33,'2655.37',8),
(40391,'S24_2022',24,'3629.11',1),
(40392,'S18_2957',37,'6121.03',3),
(40392,'S18_3136',29,'10367.49',2),
(40392,'S18_3320',36,'9822.04',1),
(40393,'S12_3148',35,'14504.86',8),
(40393,'S12_4473',32,'9954.36',10),
(40393,'S18_2238',20,'13753.35',11),
(40393,'S18_2319',38,'10432.14',7),
(40393,'S18_4600',30,'10655.37',9),
(40393,'S18_4668',44,'4176.58',1),
(40393,'S24_2300',33,'11246.28',2),
(40393,'S24_4258',33,'8862.44',3),
(40393,'S32_1268',38,'8475.57',4),
(40393,'S32_3522',31,'6335.17',5),
(40393,'S700_2824',21,'8395.77',6),
(40394,'S18_3232',22,'13547.29',5),
(40394,'S18_4027',37,'12495.77',1),
(40394,'S24_1444',31,'5318',2),
(40394,'S24_2840',46,'3536.18',6),
(40394,'S24_4048',37,'10409.91',7),
(40394,'S32_2509',36,'4708.9',3),
(40394,'S32_3207',30,'5593.75',4),
(40395,'S10_4757',32,'12512.94',2),
(40395,'S12_1108',33,'20572.54',1),
(40395,'S50_1392',46,'9839.21',4),
(40395,'S50_1514',45,'5799.81',3),
(40396,'S12_3891',33,'15572.54',3),
(40396,'S18_3140',33,'12976.58',2),
(40396,'S18_3259',24,'9176.58',4),
(40396,'S18_4522',45,'8338.2',5),
(40396,'S24_2011',49,'10077.59',6),
(40396,'S24_3151',27,'7700.82',7),
(40396,'S24_3816',37,'7799.81',8),
(40396,'S700_1138',39,'6200.82',1),
(40397,'S700_1938',32,'6929.11',5),
(40397,'S700_2610',22,'6288.7',4),
(40397,'S700_3505',48,'8615.97',3),
(40397,'S700_3962',36,'8044.26',2),
(40397,'S72_3212',34,'5296.78',1),
(40398,'S18_1662',33,'13088.7',11),
(40398,'S18_2581',34,'8279.61',15),
(40398,'S18_3029',28,'7054.36',18),
(40398,'S18_3856',45,'9211.93',17),
(40398,'S24_1785',43,'10067.49',16),
(40398,'S24_2841',28,'6029.11',3),
(40398,'S24_3420',34,'6115.97',13),
(40398,'S24_3949',41,'5664.46',2),
(40398,'S24_4278',45,'6593.75',14),
(40398,'S32_4289',22,'6054.36',4),
(40398,'S50_1341',49,'3884.66',5),
(40398,'S700_1691',47,'7855.37',6),
(40398,'S700_2047',36,'7513.95',7),
(40398,'S700_2466',22,'9872.54',8),
(40398,'S700_2834',23,'10204.86',9),
(40398,'S700_3167',29,'7680.62',10),
(40398,'S700_4002',36,'6219.01',12),
(40398,'S72_1253',34,'4122.04',1),
(40399,'S10_1678',40,'7752.34',8),
(40399,'S10_2016',51,'9991.73',7),
(40399,'S10_4698',22,'15686.68',6),
(40399,'S12_2823',29,'12351.33',5),
(40399,'S18_2625',30,'5148.3',4),
(40399,'S24_1578',57,'10481.63',3),
(40399,'S24_2000',58,'7541.23',2),
(40399,'S32_1374',32,'9789.71',1),
(40400,'S10_4757',64,'13464.46',9),
(40400,'S18_1662',34,'12931.13',1),
(40400,'S18_3029',30,'7484.66',7),
(40400,'S18_3856',58,'8893.75',6),
(40400,'S24_2841',24,'5549.31',2),
(40400,'S24_3420',38,'5918',3),
(40400,'S24_3816',42,'7464.46',8),
(40400,'S700_2047',46,'8237.19',5),
(40400,'S72_1253',20,'4171.53',4),
(40401,'S18_2581',42,'7519.01',3),
(40401,'S24_1785',38,'8754.36',5),
(40401,'S24_3949',64,'5937.19',12),
(40401,'S24_4278',52,'6593.75',4),
(40401,'S32_1374',49,'8191.73',1),
(40401,'S32_4289',62,'6260.42',6),
(40401,'S50_1341',56,'4146.28',7),
(40401,'S700_1691',11,'7764.46',8),
(40401,'S700_2466',85,'9872.54',10),
(40401,'S700_2834',21,'9611.93',2),
(40401,'S700_3167',77,'7360.42',9),
(40401,'S700_4002',40,'6663.45',11),
(40402,'S10_2016',45,'11894.76',1),
(40402,'S18_2625',55,'5815.97',2),
(40402,'S24_2000',59,'6170.52',3),
(40403,'S10_1678',24,'8517.99',7),
(40403,'S10_4698',66,'17429.11',9),
(40403,'S12_2823',66,'12200.82',6),
(40403,'S18_3782',36,'5533.15',1),
(40403,'S24_1578',46,'10932.14',8),
(40403,'S24_2360',27,'5749.31',4),
(40403,'S32_2206',30,'3580.62',2),
(40403,'S32_4485',45,'8878.6',5),
(40403,'S50_4713',31,'6509.91',3),
(40404,'S12_1099',64,'16344.26',3),
(40404,'S12_3380',43,'10217.99',1),
(40404,'S12_3990',77,'6703.85',4),
(40404,'S18_3278',90,'6754.36',6),
(40404,'S18_3482',28,'12788.7',5),
(40404,'S18_4721',48,'12499.81',8),
(40404,'S24_3371',49,'5327.09',2),
(40404,'S24_4620',48,'6548.3',7),
(40405,'S12_4675',97,'11516.98',5),
(40405,'S18_1889',61,'7238.2',4),
(40405,'S18_3232',55,'14733.15',1),
(40405,'S24_2972',47,'3738.2',2),
(40405,'S24_3856',76,'12779.61',3),
(40406,'S18_1129',61,'12456.38',3),
(40406,'S18_1984',48,'13372.54',2),
(40406,'S18_3685',65,'11726.08',1),
(40407,'S18_1589',59,'11448.3',11),
(40407,'S18_1749',76,'14110.92',2),
(40407,'S18_2248',42,'5812.94',1),
(40407,'S18_2870',41,'13200.82',12),
(40407,'S18_4409',6,'9111.93',3),
(40407,'S18_4933',66,'6414.96',4),
(40407,'S24_1046',26,'6835.17',8),
(40407,'S24_1628',64,'4578.6',10),
(40407,'S24_2766',76,'8178.6',6),
(40407,'S24_2887',59,'9865.47',5),
(40407,'S24_3191',13,'7705.87',7),
(40407,'S24_3432',43,'10173.55',9),
(40408,'S24_3969',15,'4103.85',1),
(40409,'S18_2325',6,'10425.07',2),
(40409,'S24_1937',61,'2788.7',1),
(40410,'S18_1342',65,'9966.48',7),
(40410,'S18_1367',44,'5121.03',6),
(40410,'S18_2795',56,'14513.95',8),
(40410,'S18_2949',47,'9321.03',1),
(40410,'S18_2957',53,'4997.79',3),
(40410,'S18_3136',34,'8482.64',2),
(40410,'S18_3320',44,'8135.17',5),
(40410,'S24_2022',31,'4256.38',9),
(40410,'S24_4258',50,'9544.26',4),
(40411,'S10_1949',23,'20573.55',9),
(40411,'S10_4962',27,'14479.61',2),
(40411,'S12_1666',40,'11070.52',6),
(40411,'S18_1097',27,'10967.49',8),
(40411,'S18_4600',46,'10655.37',3),
(40411,'S18_4668',35,'4125.07',7),
(40411,'S32_1268',26,'7801.83',1),
(40411,'S32_3522',27,'6076.58',5),
(40411,'S700_2824',34,'8901.83',4),
(40412,'S12_4473',54,'10073.55',5),
(40412,'S18_2238',41,'15063.45',4),
(40412,'S18_2319',56,'12028.1',8),
(40412,'S18_2432',47,'4983.65',11),
(40412,'S18_3232',60,'15749.31',9),
(40412,'S24_1444',21,'4740.22',2),
(40412,'S24_2300',70,'10990.72',10),
(40412,'S24_2840',30,'3288.7',6),
(40412,'S24_4048',31,'10882.64',1),
(40412,'S32_2509',19,'5086.68',7),
(40412,'S50_1392',26,'10533.15',3),
(40413,'S12_1108',36,'20157.39',2),
(40413,'S12_3148',47,'14504.86',3),
(40413,'S12_3891',22,'17302.84',1),
(40413,'S18_4027',49,'13357.39',5),
(40413,'S32_3207',24,'5655.37',6),
(40413,'S50_1514',51,'5331.13',4),
(40414,'S10_4757',49,'11424.06',3),
(40414,'S18_3029',44,'7742.24',1),
(40414,'S18_3140',41,'12839.21',12),
(40414,'S18_3259',48,'8571.53',14),
(40414,'S18_4522',56,'8338.2',11),
(40414,'S24_2011',43,'10814.96',10),
(40414,'S24_3151',60,'7258.4',5),
(40414,'S24_3816',51,'7296.78',2),
(40414,'S700_1138',37,'6200.82',6),
(40414,'S700_1938',34,'7448.3',13),
(40414,'S700_2610',31,'6144.26',4),
(40414,'S700_3505',28,'8414.96',7),
(40414,'S700_3962',40,'8441.23',8),
(40414,'S72_3212',47,'5460.42',9),
(40415,'S18_3856',51,'8681.63',5),
(40415,'S24_2841',21,'6097.79',1),
(40415,'S24_3420',18,'5983.65',2),
(40415,'S700_2047',32,'7332.14',4),
(40415,'S72_1253',42,'4320.02',3),
(40416,'S18_1662',24,'12931.13',14),
(40416,'S18_2581',15,'7096.78',4),
(40416,'S24_1785',47,'9082.64',6),
(40416,'S24_2000',32,'6246.28',1),
(40416,'S24_3949',18,'6483.65',13),
(40416,'S24_4278',48,'7028.1',5),
(40416,'S32_1374',45,'8690.72',2),
(40416,'S32_4289',26,'6810.92',7),
(40416,'S50_1341',37,'3971.53',8),
(40416,'S700_1691',23,'8860.42',9),
(40416,'S700_2466',22,'8476.58',11),
(40416,'S700_2834',41,'9848.3',3),
(40416,'S700_3167',39,'6560.42',10),
(40416,'S700_4002',43,'6367.49',12),
(40417,'S10_1678',66,'7943.25',2),
(40417,'S10_2016',45,'11656.38',5),
(40417,'S10_4698',56,'16267.49',4),
(40417,'S12_2823',21,'14460.42',1),
(40417,'S18_2625',36,'5875.57',6),
(40417,'S24_1578',35,'10932.14',3),
(40418,'S18_3278',16,'7076.58',2),
(40418,'S18_3482',27,'13964.46',1),
(40418,'S18_3782',33,'5657.39',5),
(40418,'S18_4721',28,'12053.35',4),
(40418,'S24_2360',52,'6441.23',8),
(40418,'S24_4620',10,'6629.11',3),
(40418,'S32_2206',43,'3661.43',6),
(40418,'S32_4485',50,'10001.83',9),
(40418,'S50_4713',40,'7241.23',7),
(40419,'S12_1099',12,'18290.72',13),
(40419,'S12_3380',10,'11157.39',11),
(40419,'S12_3990',34,'6464.46',14),
(40419,'S12_4675',32,'9904.86',10),
(40419,'S18_1129',38,'11748.3',5),
(40419,'S18_1589',37,'10080.62',1),
(40419,'S18_1889',39,'6776.58',9),
(40419,'S18_1984',34,'13372.54',4),
(40419,'S18_2870',55,'11616.98',2),
(40419,'S18_3232',35,'16595.77',6),
(40419,'S18_3685',43,'11444.26',3),
(40419,'S24_2972',15,'3210.92',7),
(40419,'S24_3371',55,'5266.48',12),
(40419,'S24_3856',70,'11234.16',8),
(40420,'S18_1749',37,'15300.82',5),
(40420,'S18_2248',36,'5206.88',4),
(40420,'S18_2325',45,'11696.78',2),
(40420,'S18_4409',66,'7362.44',6),
(40420,'S18_4933',36,'6842.24',7),
(40420,'S24_1046',60,'6026.08',11),
(40420,'S24_1628',37,'4880.62',13),
(40420,'S24_1937',45,'3219.01',1),
(40420,'S24_2766',39,'7633.15',9),
(40420,'S24_2887',55,'11509.91',8),
(40420,'S24_3191',35,'7705.87',10),
(40420,'S24_3432',26,'10494.76',12),
(40420,'S24_3969',15,'3529.11',3),
(40421,'S18_2795',35,'16706.88',1),
(40421,'S24_2022',40,'4480.62',2),
(40422,'S18_1342',51,'9144.26',2),
(40422,'S18_1367',25,'4744.26',1),
(40423,'S18_2949',10,'8915.97',1),
(40423,'S18_2957',31,'5621.03',3),
(40423,'S18_3136',21,'9844.26',2),
(40423,'S18_3320',21,'8036.18',5),
(40423,'S24_4258',28,'7889.71',4),
(40424,'S10_1949',50,'20144.26',6),
(40424,'S12_1666',49,'12164.46',3),
(40424,'S18_1097',54,'10850.32',5),
(40424,'S18_4668',26,'4025.07',4),
(40424,'S32_3522',44,'5494.76',2),
(40424,'S700_2824',46,'8598.8',1),
(40425,'S10_4962',38,'13149.31',12),
(40425,'S12_4473',33,'9599.81',4),
(40425,'S18_2238',28,'14736.18',3),
(40425,'S18_2319',38,'11782.64',7),
(40425,'S18_2432',19,'4862.44',10),
(40425,'S18_3232',28,'14055.37',8),
(40425,'S18_4600',38,'10776.58',13),
(40425,'S24_1444',55,'5375.57',1),
(40425,'S24_2300',49,'12779.61',9),
(40425,'S24_2840',31,'3182.64',5),
(40425,'S32_1268',41,'8379.61',11),
(40425,'S32_2509',11,'5032.14',6),
(40425,'S50_1392',18,'9492.74',2)
;

/* Table No. 4 */
/*Table structure for table orders */
DROP TABLE IF EXISTS orders;

CREATE TABLE orders (
  orderNumber int(11) NOT NULL comment '注文番号',
  orderDate date NOT NULL comment '注文日',
  requiredDate date NOT NULL comment '請求日',
  shippedDate date DEFAULT NULL comment '発送日',
  status varchar(15) NOT NULL comment '受注状況',
  comments text comment 'コメント',
  customerNumber int(11) NOT NULL comment '顧客番号',
  PRIMARY KEY (orderNumber),
  KEY customerNumber (customerNumber)
) ENGINE=InnoDB 
DEFAULT CHARSET=utf8mb4 COLLATE=utf8mb4_0900_ai_ci
comment='注文'
;

/*Data for the table orders */
insert  into orders(orderNumber,orderDate,requiredDate,shippedDate,status,comments,customerNumber) values 
(40100,'2018-01-06','2018-01-13','2018-01-10','発送済',NULL,8363),
(40101,'2018-01-09','2018-01-18','2018-01-11','発送済','お届け日時の確認済み。',8128),
(40102,'2018-01-10','2018-01-18','2018-01-14','発送済',NULL,8181),
(40103,'2018-01-29','2018-02-07','2018-02-02','発送済',NULL,8121),
(40104,'2018-01-31','2018-02-09','2018-02-01','発送済',NULL,8141),
(40105,'2018-02-11','2018-02-21','2018-02-12','発送済',NULL,8145),
(40106,'2018-02-17','2018-02-24','2018-02-21','発送済',NULL,8278),
(40107,'2018-02-24','2018-03-03','2018-02-26','発送済','顧客との交渉が難しい。マーケティング資料が足りない。',8131),
(40108,'2018-03-03','2018-03-12','2018-03-08','発送済',NULL,8385),
(40109,'2018-03-10','2018-03-19','2018-03-11','発送済','この配送には日本通運を使用するようにお客様からご要望あり。',8486),
(40110,'2018-03-18','2018-03-24','2018-03-20','発送済',NULL,8187),
(40111,'2018-03-25','2018-03-31','2018-03-30','発送済',NULL,8129),
(40112,'2018-03-24','2018-04-03','2018-03-29','発送済','ポスターやパンフレットを同梱してほしいとのご要望あり。',8144),
(40113,'2018-03-26','2018-04-02','2018-03-27','発送済',NULL,8124),
(40114,'2018-04-01','2018-04-07','2018-04-02','発送済',NULL,8172),
(40115,'2018-04-04','2018-04-12','2018-04-07','発送済',NULL,8424),
(40116,'2018-04-11','2018-04-19','2018-04-13','発送済',NULL,8381),
(40117,'2018-04-16','2018-04-24','2018-04-17','発送済',NULL,8148),
(40118,'2018-04-21','2018-04-29','2018-04-26','発送済','お客様は過去にいくつかのベンダと取引経験があり、希望小売価格を把握している。',8216),
(40119,'2018-04-28','2018-05-05','2018-05-02','発送済',NULL,8382),
(40120,'2018-04-29','2018-05-08','2018-05-01','発送済',NULL,8114),
(40121,'2018-05-07','2018-05-13','2018-05-13','発送済',NULL,8353),
(40122,'2018-05-08','2018-05-16','2018-05-13','発送済',NULL,8350),
(40123,'2018-05-20','2018-05-29','2018-05-22','発送済',NULL,8103),
(40124,'2018-05-21','2018-05-29','2018-05-25','発送済','お客様はモデルの正確な色を懸念している。多少の色の不一致があるため、注文に異議を唱える可能性が高い。',8112),
(40125,'2018-05-21','2018-05-27','2018-05-24','発送済',NULL,8114),
(40126,'2018-05-28','2018-06-07','2018-06-02','発送済',NULL,8458),
(40127,'2018-06-03','2018-06-09','2018-06-06','発送済','お客様から特殊な発送のご依頼あり。その指示は倉庫に連携済み。',8151),
(40128,'2018-06-06','2018-06-12','2018-06-11','発送済',NULL,8141),
(40129,'2018-06-12','2018-06-18','2018-06-14','発送済',NULL,8324),
(40130,'2018-06-16','2018-06-24','2018-06-21','発送済',NULL,8198),
(40131,'2018-06-16','2018-06-25','2018-06-21','発送済',NULL,8447),
(40132,'2018-06-25','2018-07-01','2018-06-28','発送済',NULL,8323),
(40133,'2018-06-27','2018-07-04','2018-07-03','発送済',NULL,8141),
(40134,'2018-07-01','2018-07-10','2018-07-05','発送済',NULL,8250),
(40135,'2018-07-02','2018-07-12','2018-07-03','発送済',NULL,8124),
(40136,'2018-07-04','2018-07-14','2018-07-06','発送済','限定フェラーリモデルの購入に興味あり。',8242),
(40137,'2018-07-10','2018-07-20','2018-07-14','発送済',NULL,8353),
(40138,'2018-07-07','2018-07-16','2018-07-13','発送済',NULL,8496),
(40139,'2018-07-16','2018-07-23','2018-07-21','発送済',NULL,8282),
(40140,'2018-07-24','2018-08-02','2018-07-30','発送済',NULL,8161),
(40141,'2018-08-01','2018-08-09','2018-08-04','発送済',NULL,8334),
(40142,'2018-08-08','2018-08-16','2018-08-13','発送済',NULL,8124),
(40143,'2018-08-10','2018-08-18','2018-08-12','発送済','フォードマスタングの新型モデルを四半期末までに納品できるかの問い合わせあり。',8320),
(40144,'2018-08-13','2018-08-21','2018-08-14','発送済',NULL,8381),
(40145,'2018-08-25','2018-09-02','2018-08-31','発送済',NULL,8205),
(40146,'2018-09-03','2018-09-13','2018-09-06','発送済',NULL,8447),
(40147,'2018-09-05','2018-09-12','2018-09-09','発送済',NULL,8379),
(40148,'2018-09-11','2018-09-21','2018-09-15','発送済','融資の条件面での契約を見直そうとしている。',8276),
(40149,'2018-09-12','2018-09-18','2018-09-17','発送済',NULL,8487),
(40150,'2018-09-19','2018-09-27','2018-09-21','発送済','融資の条件面での契約を見直そうとしている。',8148),
(40151,'2018-09-21','2018-09-30','2018-09-24','発送済',NULL,8311),
(40152,'2018-09-25','2018-10-03','2018-10-01','発送済',NULL,8333),
(40153,'2018-09-28','2018-10-05','2018-10-03','発送済',NULL,8141),
(40154,'2018-10-02','2018-10-12','2018-10-08','発送済',NULL,8219),
(40155,'2018-10-06','2018-10-13','2018-10-07','発送済',NULL,8186),
(40156,'2018-10-08','2018-10-17','2018-10-11','発送済',NULL,8141),
(40157,'2018-10-09','2018-10-15','2018-10-14','発送済',NULL,8473),
(40158,'2018-10-10','2018-10-18','2018-10-15','発送済',NULL,8121),
(40159,'2018-10-10','2018-10-19','2018-10-16','発送済',NULL,8321),
(40160,'2018-10-11','2018-10-17','2018-10-17','発送済',NULL,8347),
(40161,'2018-10-17','2018-10-25','2018-10-20','発送済',NULL,8227),
(40162,'2018-10-18','2018-10-26','2018-10-19','発送済',NULL,8321),
(40163,'2018-10-20','2018-10-27','2018-10-24','発送済',NULL,8424),
(40164,'2018-10-21','2018-10-30','2018-10-23','解決','この注文にクレームがついたが、2018年11月1日に解決。お客様はモデルの色や精度が好きではない。',8452),
(40165,'2018-10-22','2018-10-31','2018-12-26','発送済','限度額を超えていたため、注文を保留。決済が完了した時点で発送予定。',8148),
(40166,'2018-10-21','2018-10-30','2018-10-27','発送済',NULL,8462),
(40167,'2018-10-23','2018-10-30',NULL,'キャンセル','お客様からキャンセルの電話あり。倉庫への連絡が間に合わず注文したものが出荷されなかった。彼らには新しい営業担当がいて、販売モデルを変更している。私達の営業担当は彼らに連絡する必要がある。',8448),
(40168,'2018-10-28','2018-11-03','2018-11-01','発送済',NULL,8161),
(40169,'2018-11-04','2018-11-14','2018-11-09','発送済',NULL,8276),
(40170,'2018-11-04','2018-11-12','2018-11-07','発送済',NULL,8452),
(40171,'2018-11-05','2018-11-13','2018-11-07','発送済',NULL,8233),
(40172,'2018-11-05','2018-11-14','2018-11-11','発送済',NULL,8175),
(40173,'2018-11-05','2018-11-15','2018-11-09','発送済','情報入手待ち。在庫を確保したい。ポーチの出荷予定について情報がほしい。',8278),
(40174,'2018-11-06','2018-11-15','2018-11-10','発送済',NULL,8333),
(40175,'2018-11-06','2018-11-14','2018-11-09','発送済',NULL,8324),
(40176,'2018-11-06','2018-11-15','2018-11-12','発送済',NULL,8386),
(40177,'2018-11-07','2018-11-17','2018-11-12','発送済',NULL,8344),
(40178,'2018-11-08','2018-11-16','2018-11-10','発送済','倉庫へ配送した注文の船積み指示',8242),
(40179,'2018-11-11','2018-11-17','2018-11-13','キャンセル','急な予算の問題で顧客がキャンセルした。今後、彼らと取引をする際には注意が必要。注文はすでに出荷されているので、誰が送料をカバーするのかは検討・折衝が必要。',8496),
(40180,'2018-11-11','2018-11-19','2018-11-14','発送済',NULL,8171),
(40181,'2018-11-12','2018-11-19','2018-11-15','発送済',NULL,8167),
(40182,'2018-11-12','2018-11-21','2018-11-18','発送済',NULL,8124),
(40183,'2018-11-13','2018-11-22','2018-11-15','発送済','マーケティング担当副社長と密接に連絡を取り合う必要あり。お客様が購入するかの決定権をゆだねている。',8339),
(40184,'2018-11-14','2018-11-22','2018-11-20','発送済',NULL,8484),
(40185,'2018-11-14','2018-11-21','2018-11-20','発送済',NULL,8320),
(40186,'2018-11-14','2018-11-20','2018-11-18','発送済','営業担当副社長との条件面での契約を見直したいとのこと。',8489),
(40187,'2018-11-15','2018-11-24','2018-11-16','発送済',NULL,8211),
(40188,'2018-11-18','2018-11-26','2018-11-24','発送済',NULL,8167),
(40189,'2018-11-18','2018-11-25','2018-11-24','発送済','融資の条件面での契約を見直そうとしている。',8205),
(40190,'2018-11-19','2018-11-29','2018-11-20','発送済',NULL,8141),
(40191,'2018-11-20','2018-11-30','2018-11-24','発送済','このお客様には要注意。営業副社長が退職予定。経営破たんの可能性もある。',8259),
(40192,'2018-11-20','2018-11-29','2018-11-25','発送済',NULL,8363),
(40193,'2018-11-21','2018-11-28','2018-11-27','発送済',NULL,8471),
(40194,'2018-11-25','2018-12-02','2018-11-26','発送済',NULL,8146),
(40195,'2018-11-25','2018-12-01','2018-11-28','発送済',NULL,8319),
(40196,'2018-11-26','2018-12-03','2018-12-01','発送済',NULL,8455),
(40197,'2018-11-26','2018-12-02','2018-12-01','発送済','お客様からリモコンモデルとゴールドモデルについてのお問い合わせあり。',8216),
(40198,'2018-11-27','2018-12-06','2018-12-03','発送済',NULL,8385),
(40199,'2018-12-01','2018-12-10','2018-12-06','発送済',NULL,8475),
(40200,'2018-12-01','2018-12-09','2018-12-06','発送済',NULL,8211),
(40201,'2018-12-01','2018-12-11','2018-12-02','発送済',NULL,8129),
(40202,'2018-12-02','2018-12-09','2018-12-06','発送済',NULL,8357),
(40203,'2018-12-02','2018-12-11','2018-12-07','発送済',NULL,8141),
(40204,'2018-12-02','2018-12-10','2018-12-04','発送済',NULL,8151),
(40205,'2018-12-03','2018-12-09','2018-12-07','発送済','競合他社の情報を全て知りたい。',8141),
(40206,'2018-12-05','2018-12-13','2018-12-08','発送済','再交渉ができるか確認を取りたい',8202),
(40207,'2018-12-09','2018-12-17','2018-12-11','発送済','お届け日時の確認済み。',8495),
(40208,'2019-01-02','2019-01-11','2019-01-04','発送済',NULL,8146),
(40209,'2019-01-09','2019-01-15','2019-01-12','発送済',NULL,8347),
(40210,'2019-01-12','2019-01-22','2019-01-20','発送済',NULL,8177),
(40211,'2019-01-15','2019-01-25','2019-01-18','発送済',NULL,8406),
(40212,'2019-01-16','2019-01-24','2019-01-18','発送済',NULL,8141),
(40213,'2019-01-22','2019-01-28','2019-01-27','発送済','顧客との交渉が難しい。マーケティング資料が足りない。',8489),
(40214,'2019-01-26','2019-02-04','2019-01-29','発送済',NULL,8458),
(40215,'2019-01-29','2019-02-08','2019-02-01','発送済','この配送にはクロネコヤマトを使用するようにお客様からの依頼あり。',8475),
(40216,'2019-02-02','2019-02-10','2019-02-04','発送済',NULL,8256),
(40217,'2019-02-04','2019-02-14','2019-02-06','発送済',NULL,8166),
(40218,'2019-02-09','2019-02-16','2019-02-11','発送済','ポスターやパンフレットを同梱してほしいとのご要望あり。',8473),
(40219,'2019-02-10','2019-02-17','2019-02-12','発送済',NULL,8487),
(40220,'2019-02-12','2019-02-19','2019-02-16','発送済',NULL,8189),
(40221,'2019-02-18','2019-02-26','2019-02-19','発送済',NULL,8314),
(40222,'2019-02-19','2019-02-27','2019-02-20','発送済',NULL,8239),
(40223,'2019-02-20','2019-02-28','2019-02-24','発送済',NULL,8114),
(40224,'2019-02-21','2019-03-02','2019-02-26','発送済','お客様は過去にいくつかのベンダと取引経験があり、希望小売価格を把握している。',8171),
(40225,'2019-02-22','2019-03-01','2019-02-24','発送済',NULL,8298),
(40226,'2019-02-26','2019-03-06','2019-03-02','発送済',NULL,8239),
(40227,'2019-03-02','2019-03-12','2019-03-08','発送済',NULL,8146),
(40228,'2019-03-10','2019-03-18','2019-03-13','発送済',NULL,8173),
(40229,'2019-03-11','2019-03-20','2019-03-12','発送済',NULL,8124),
(40230,'2019-03-15','2019-03-24','2019-03-20','発送済','お客様はモデルの正確な色を懸念している。多少の色の不一致があるため、注文に異議を唱える可能性が高い。',8128),
(40231,'2019-03-19','2019-03-26','2019-03-25','発送済',NULL,8344),
(40232,'2019-03-20','2019-03-30','2019-03-25','発送済',NULL,8240),
(40233,'2019-03-29','2019-04-04','2019-04-02','発送済','お客様から特殊な発送のご依頼あり。その指示は倉庫に連携済み。',8328),
(40234,'2019-03-30','2019-04-05','2019-04-02','発送済',NULL,8412),
(40235,'2019-04-02','2019-04-12','2019-04-06','発送済',NULL,8260),
(40236,'2019-04-03','2019-04-11','2019-04-08','発送済',NULL,8486),
(40237,'2019-04-05','2019-04-12','2019-04-10','発送済',NULL,8181),
(40238,'2019-04-09','2019-04-16','2019-04-10','発送済',NULL,8145),
(40239,'2019-04-12','2019-04-21','2019-04-17','発送済',NULL,8311),
(40240,'2019-04-13','2019-04-20','2019-04-20','発送済',NULL,8177),
(40241,'2019-04-13','2019-04-20','2019-04-19','発送済',NULL,8209),
(40242,'2019-04-20','2019-04-28','2019-04-25','発送済','多数のフェラーリモデルの購入に興味あり。',8456),
(40243,'2019-04-26','2019-05-03','2019-04-28','発送済',NULL,8495),
(40244,'2019-04-29','2019-05-09','2019-05-04','発送済',NULL,8141),
(40245,'2019-05-04','2019-05-12','2019-05-09','発送済',NULL,8455),
(40246,'2019-05-05','2019-05-13','2019-05-06','発送済',NULL,8141),
(40247,'2019-05-05','2019-05-11','2019-05-08','発送済',NULL,8334),
(40248,'2019-05-07','2019-05-14',NULL,'キャンセル','誤発注。倉庫で書類が不足していることに気づいた。',8131),
(40249,'2019-05-08','2019-05-17','2019-05-11','発送済','フォードマスタングの新型モデルを四半期末までに納品できるかの問い合わせあり。',8173),
(40250,'2019-05-11','2019-05-19','2019-05-15','発送済',NULL,8450),
(40251,'2019-05-18','2019-05-24','2019-05-24','発送済',NULL,8328),
(40252,'2019-05-26','2019-06-04','2019-05-29','発送済',NULL,8406),
(40253,'2019-06-01','2019-06-09','2019-06-02','キャンセル','お客様が異議を唱えたため、注文を取り消すことに合意。信頼関係に疑問を持たれているので、今後、この顧客との取引には注意を払う必要がある。送料を負担しなければならない。',8201),
(40254,'2019-06-03','2019-06-13','2019-06-04','発送済','船積みに DHL を使用するようお客様からの要望あり。',8323),
(40255,'2019-06-04','2019-06-12','2019-06-09','発送済',NULL,8209),
(40256,'2019-06-08','2019-06-16','2019-06-10','発送済',NULL,8145),
(40257,'2019-06-14','2019-06-24','2019-06-15','発送済',NULL,8450),
(40258,'2019-06-15','2019-06-25','2019-06-23','発送済',NULL,8398),
(40259,'2019-06-15','2019-06-22','2019-06-17','発送済',NULL,8166),
(40260,'2019-06-16','2019-06-22',NULL,'キャンセル','顧客からクレームを聞き、この注文をキャンセルしたいと電話があった。営業部長に通知済み。',8357),
(40261,'2019-06-17','2019-06-25','2019-06-22','発送済',NULL,8233),
(40262,'2019-06-24','2019-07-01',NULL,'キャンセル','このお客様に、競合他社より良いオファーだとの回答を受領。再交渉のために折り返しの電話が必要。',8141),
(40263,'2019-06-28','2019-07-04','2019-07-02','発送済',NULL,8175),
(40264,'2019-06-30','2019-07-06','2019-07-01','発送済','2019年7月日にお客様がトラックを現地の倉庫に送る。',8362),
(40265,'2019-07-02','2019-07-09','2019-07-07','発送済',NULL,8471),
(40266,'2019-07-06','2019-07-14','2019-07-10','発送済',NULL,8386),
(40267,'2019-07-07','2019-07-17','2019-07-09','発送済',NULL,8151),
(40268,'2019-07-12','2019-07-18','2019-07-14','発送済',NULL,8412),
(40269,'2019-07-16','2019-07-22','2019-07-18','発送済',NULL,8382),
(40270,'2019-07-19','2019-07-27','2019-07-24','発送済','再交渉できるか要確認。',8282),
(40271,'2019-07-20','2019-07-29','2019-07-23','発送済',NULL,8124),
(40272,'2019-07-20','2019-07-26','2019-07-22','発送済',NULL,8157),
(40273,'2019-07-21','2019-07-28','2019-07-22','発送済',NULL,8314),
(40274,'2019-07-21','2019-07-29','2019-07-22','発送済',NULL,8379),
(40275,'2019-07-23','2019-08-02','2019-07-29','発送済',NULL,8119),
(40276,'2019-08-02','2019-08-11','2019-08-08','発送済',NULL,8204),
(40277,'2019-08-04','2019-08-12','2019-08-05','発送済',NULL,8148),
(40278,'2019-08-06','2019-08-16','2019-08-09','発送済',NULL,8112),
(40279,'2019-08-09','2019-08-19','2019-08-15','発送済','急な予算の問題で顧客がキャンセルした。今後、彼らと取引をする際には注意が必要。注文はすでに出荷されているので、誰が送料をカバーするのかは検討・折衝が必要。',8141),
(40280,'2019-08-17','2019-08-27','2019-08-19','発送済',NULL,8249),
(40281,'2019-08-19','2019-08-28','2019-08-23','発送済',NULL,8157),
(40282,'2019-08-20','2019-08-26','2019-08-22','発送済',NULL,8124),
(40283,'2019-08-20','2019-08-30','2019-08-23','発送済',NULL,8260),
(40284,'2019-08-21','2019-08-29','2019-08-26','発送済','倉庫へ配送した注文の船積み指示済み。',8299),
(40285,'2019-08-27','2019-09-04','2019-08-31','発送済',NULL,8286),
(40286,'2019-08-28','2019-09-06','2019-09-01','発送済',NULL,8172),
(40287,'2019-08-30','2019-09-06','2019-09-01','発送済',NULL,8298),
(40288,'2019-09-01','2019-09-11','2019-09-05','発送済',NULL,8166),
(40289,'2019-09-03','2019-09-13','2019-09-04','発送済','マーケティング担当副社長と密接に連絡を取り合う必要あり。お客様が購入するかの決定権をゆだねている。',8167),
(40290,'2019-09-07','2019-09-15','2019-09-13','発送済',NULL,8198),
(40291,'2019-09-08','2019-09-17','2019-09-14','発送済',NULL,8448),
(40292,'2019-09-08','2019-09-18','2019-09-11','発送済','融資の条件面での契約を見直そうとしている。',8131),
(40293,'2019-09-09','2019-09-18','2019-09-14','発送済',NULL,8249),
(40294,'2019-09-10','2019-09-17','2019-09-14','発送済',NULL,8204),
(40295,'2019-09-10','2019-09-17','2019-09-14','発送済','融資の条件面での契約を見直そうとしている。',8362),
(40296,'2019-09-15','2019-09-22','2019-09-16','発送済',NULL,8415),
(40297,'2019-09-16','2019-09-22','2019-09-21','発送済','このお客様には要注意。営業副社長が退職予定。経営破たんの可能性もある。',8189),
(40298,'2019-09-27','2019-10-05','2019-10-01','発送済',NULL,8103),
(40299,'2019-09-30','2019-10-10','2019-10-01','発送済',NULL,8186),
(40300,'2018-10-04','2018-10-13','2018-10-09','発送済',NULL,8128),
(40301,'2018-10-05','2018-10-15','2018-10-08','発送済',NULL,8299),
(40302,'2018-10-06','2018-10-16','2018-10-07','発送済',NULL,8201),
(40303,'2019-10-06','2019-10-14','2019-10-09','発送済','お客様からリモコンモデルとゴールドモデルについてのお問い合わせあり。',8484),
(40304,'2019-10-11','2019-10-20','2019-10-17','発送済',NULL,8256),
(40305,'2019-10-13','2019-10-22','2019-10-15','発送済','お届け日時の確認済み。',8286),
(40306,'2019-10-14','2019-10-21','2019-10-17','発送済',NULL,8187),
(40307,'2019-10-14','2019-10-23','2019-10-20','発送済',NULL,8339),
(40308,'2019-10-15','2019-10-24','2019-10-20','発送済','この配送には日本通運を使用するようにお客様からご要望あり。',8319),
(40309,'2019-10-15','2019-10-24','2019-10-18','発送済',NULL,8121),
(40310,'2019-10-16','2019-10-24','2019-10-18','発送済',NULL,8259),
(40311,'2019-10-16','2019-10-23','2019-10-20','発送済','顧客との交渉が難しい。マーケティング資料が足りない。',8141),
(40312,'2019-10-21','2019-10-27','2019-10-23','発送済',NULL,8124),
(40313,'2019-10-22','2019-10-28','2019-10-25','発送済','この配送には日本通運を使用するようにお客様からご要望あり。',8202),
(40314,'2019-10-22','2019-11-01','2019-10-23','発送済',NULL,8227),
(40315,'2019-10-29','2019-11-08','2019-10-30','発送済',NULL,8119),
(40316,'2019-11-01','2019-11-09','2019-11-07','発送済','ポスターやパンフレットを同梱してほしいとのご要望あり。',8240),
(40317,'2019-11-02','2019-11-12','2019-11-08','発送済',NULL,8161),
(40318,'2019-11-02','2019-11-09','2019-11-07','発送済',NULL,8157),
(40319,'2019-11-03','2019-11-11','2019-11-06','発送済','船積みに DHL を使用するようお客様からの要望あり。',8456),
(40320,'2019-11-03','2019-11-13','2019-11-07','発送済',NULL,8144),
(40321,'2019-11-04','2019-11-12','2019-11-07','発送済',NULL,8462),
(40322,'2019-11-04','2019-11-12','2019-11-10','発送済','お客様は過去にいくつかのベンダと取引経験があり、希望小売価格を把握している。',8363),
(40323,'2019-11-05','2019-11-12','2019-11-09','発送済',NULL,8128),
(40324,'2019-11-05','2019-11-11','2019-11-08','発送済',NULL,8181),
(40325,'2019-11-05','2019-11-13','2019-11-08','発送済',NULL,8121),
(40326,'2019-11-09','2019-11-16','2019-11-10','発送済',NULL,8144),
(40327,'2019-11-10','2019-11-19','2019-11-13','解決','注文の内容について争われ、2019年12月1日に解決済み。営業部長が関与していた。顧客は、モデルのスケールが協議した内容と一致しないと主張している。',8145),
(40328,'2019-11-12','2019-11-21','2019-11-18','発送済','お客様はモデルの色に強い懸念を抱いている。多少の色の不一致があるため、注文に異議を唱える可能性が高い。',8278),
(40329,'2019-11-15','2019-11-24','2019-11-16','発送済',NULL,8131),
(40330,'2019-11-16','2019-11-25','2019-11-21','発送済',NULL,8385),
(40331,'2019-11-17','2019-11-23','2019-11-23','発送済','お客様から特殊な発送のご依頼あり。その指示は倉庫に連携済み。',8486),
(40332,'2019-11-17','2019-11-25','2019-11-18','発送済',NULL,8187),
(40333,'2019-11-18','2019-11-27','2019-11-20','発送済',NULL,8129),
(40334,'2019-11-19','2019-11-28',NULL,'保留','与信限度額が超過。支払いが受理されたときに出荷予定。',8144),
(40335,'2019-11-19','2019-11-29','2019-11-23','発送済',NULL,8124),
(40336,'2019-11-20','2019-11-26','2019-11-24','発送済','船積みに DHL を使用するようお客様からの要望あり。',8172),
(40337,'2019-11-21','2019-11-30','2019-11-26','発送済',NULL,8424),
(40338,'2019-11-22','2019-12-02','2019-11-27','発送済',NULL,8381),
(40339,'2019-11-23','2019-11-30','2019-11-30','発送済',NULL,8398),
(40340,'2019-11-24','2019-12-01','2019-11-25','発送済','他のフェラーリモデルの購入に興味あり。',8216),
(40341,'2019-11-24','2019-12-01','2019-11-29','発送済',NULL,8382),
(40342,'2019-11-24','2019-12-01','2019-11-29','発送済',NULL,8114),
(40343,'2019-11-24','2019-12-01','2019-11-26','発送済',NULL,8353),
(40344,'2019-11-25','2019-12-02','2019-11-29','発送済',NULL,8350),
(40345,'2019-11-25','2019-12-01','2019-11-26','発送済',NULL,8103),
(40346,'2019-11-29','2019-12-05','2019-11-30','発送済',NULL,8112),
(40347,'2019-11-29','2019-12-07','2019-11-30','発送済','フォードマスタングの新型モデルを四半期末までに納品できるかの問い合わせあり。',8114),
(40348,'2019-11-01','2019-11-08','2019-11-05','発送済',NULL,8458),
(40349,'2019-12-01','2019-12-07','2019-12-03','発送済',NULL,8151),
(40350,'2019-12-02','2019-12-08','2019-12-05','発送済',NULL,8141),
(40351,'2019-12-03','2019-12-11','2019-12-07','発送済',NULL,8324),
(40352,'2019-12-03','2019-12-12','2019-12-09','発送済',NULL,8198),
(40353,'2019-12-04','2019-12-11','2019-12-05','発送済',NULL,8447),
(40354,'2019-12-04','2019-12-10','2019-12-05','発送済',NULL,8323),
(40355,'2019-12-07','2019-12-14','2019-12-13','発送済',NULL,8141),
(40356,'2019-12-09','2019-12-15','2019-12-12','発送済',NULL,8250),
(40357,'2019-12-10','2019-12-16','2019-12-14','発送済',NULL,8124),
(40358,'2019-12-10','2019-12-16','2019-12-16','発送済','船積みに DHL を使用するようお客様からの要望あり。',8141),
(40359,'2019-12-15','2019-12-23','2019-12-18','発送済',NULL,8353),
(40360,'2019-12-16','2019-12-22','2019-12-18','発送済',NULL,8496),
(40361,'2019-12-17','2019-12-24','2019-12-20','発送済',NULL,8282),
(40362,'2020-01-05','2020-01-16','2020-01-10','発送済',NULL,8161),
(40363,'2020-01-06','2020-01-12','2020-01-10','発送済',NULL,8334),
(40364,'2020-01-06','2020-01-17','2020-01-09','発送済',NULL,8350),
(40365,'2020-01-07','2020-01-18','2020-01-11','発送済',NULL,8320),
(40366,'2020-01-10','2020-01-19','2020-01-12','発送済',NULL,8381),
(40367,'2020-01-12','2020-01-21','2020-01-16','解決','この注文は2020年2月1日に争われたが、解決済み。お客様は、貨物コンテナが破損していたと主張していたが、運輸会社の調査でこの主張の誤りが証明された。',8205),
(40368,'2020-01-19','2020-01-27','2020-01-24','発送済','再交渉の余地あり。',8124),
(40369,'2020-01-20','2020-01-28','2020-01-24','発送済',NULL,8379),
(40370,'2020-01-20','2020-02-01','2020-01-25','発送済',NULL,8276),
(40371,'2020-01-23','2020-02-03','2020-01-25','発送済',NULL,8124),
(40372,'2020-01-26','2020-02-05','2020-01-28','発送済',NULL,8398),
(40373,'2020-01-31','2020-02-08','2020-02-06','発送済',NULL,8311),
(40374,'2020-02-02','2020-02-09','2020-02-03','発送済',NULL,8333),
(40375,'2020-02-03','2020-02-10','2020-02-06','発送済',NULL,8119),
(40376,'2020-02-08','2020-02-18','2020-02-13','発送済',NULL,8219),
(40377,'2020-02-09','2020-02-21','2020-02-12','発送済',NULL,8186),
(40378,'2020-02-10','2020-02-18','2020-02-11','発送済',NULL,8141),
(40379,'2020-02-10','2020-02-18','2020-02-11','発送済',NULL,8141),
(40380,'2020-02-16','2020-02-24','2020-02-18','発送済',NULL,8141),
(40381,'2020-02-17','2020-02-25','2020-02-18','発送済',NULL,8321),
(40382,'2020-02-17','2020-02-23','2020-02-18','発送済','倉庫へ配送した注文の船積み指示済み。',8124),
(40383,'2020-02-22','2020-03-02','2020-02-25','発送済',NULL,8141),
(40384,'2020-02-23','2020-03-06','2020-02-27','発送済',NULL,8321),
(40385,'2020-02-28','2020-03-09','2020-03-01','発送済',NULL,8124),
(40386,'2020-03-01','2020-03-09','2020-03-06','解決','この注文にクレームがついたが、2020年3月15日に解決。お客様はモデルの色や精度が好きではない。',8141),
(40387,'2020-03-02','2020-03-09','2020-03-06','発送済',NULL,8148),
(40388,'2020-03-03','2020-03-11','2020-03-09','発送済',NULL,8462),
(40389,'2020-03-03','2020-03-09','2020-03-08','発送済',NULL,8448),
(40390,'2020-03-04','2020-03-11','2020-03-07','発送済','融資の条件面での契約を見直そうとしている。',8124),
(40391,'2020-03-09','2020-03-20','2020-03-15','発送済',NULL,8276),
(40392,'2020-03-10','2020-03-18','2020-03-12','発送済',NULL,8452),
(40393,'2020-03-11','2020-03-22','2020-03-14','発送済','融資の条件面での契約を見直そうとしている。',8323),
(40394,'2020-03-15','2020-03-25','2020-03-19','発送済',NULL,8141),
(40395,'2020-03-17','2020-03-24','2020-03-23','発送済','このお客様には要注意。経営破たんの可能性もある。',8250),
(40396,'2020-03-23','2020-04-02','2020-03-28','発送済',NULL,8124),
(40397,'2020-03-28','2020-04-09','2020-04-01','発送済',NULL,8242),
(40398,'2020-03-30','2020-04-09','2020-03-31','発送済',NULL,8353),
(40399,'2020-04-01','2020-04-12','2020-04-03','発送済',NULL,8496),
(40400,'2020-04-01','2020-04-11','2020-04-04','発送済','船積みに DHL を使用するようお客様からの要望あり。',8450),
(40401,'2020-04-03','2020-04-14',NULL,'保留','与信限度額が超過。支払いが受理されたときに出荷予定。',8328),
(40402,'2020-04-07','2020-04-14','2020-04-12','発送済',NULL,8406),
(40403,'2020-04-08','2020-04-18','2020-04-11','発送済',NULL,8201),
(40404,'2020-04-08','2020-04-14','2020-04-11','発送済',NULL,8323),
(40405,'2020-04-14','2020-04-24','2020-04-20','発送済',NULL,8209),
(40406,'2020-04-15','2020-04-25','2020-04-21','係争中','顧客は出荷時に貨物コンテナが破損したことで、いくつかの商品が足りないと主張しています。この件について西濃運輸に相談しています。',8145),
(40407,'2020-04-22','2020-05-04',NULL,'保留','与信限度額が超過。支払いが受理されたときに出荷予定。',8450),
(40408,'2020-04-22','2020-04-29','2020-04-27','発送済',NULL,8398),
(40409,'2020-04-23','2020-05-05','2020-04-24','発送済',NULL,8166),
(40410,'2020-04-29','2020-05-10','2020-04-30','発送済',NULL,8357),
(40411,'2020-05-01','2020-05-08','2020-05-06','発送済',NULL,8233),
(40412,'2020-05-03','2020-05-13','2020-05-05','発送済',NULL,8141),
(40413,'2020-05-05','2020-05-14','2020-05-09','発送済','船積みに DHL を使用するようお客様からの要望あり。',8175),
(40414,'2020-05-06','2020-05-13',NULL,'保留','与信限度額が超過。支払いが受理されたときに出荷予定。',8362),
(40415,'2020-05-09','2020-05-20','2020-05-12','係争中','お客様からモデルのスケールが希望したものと一致しないとのクレーム。そうでないことを証明するために、すべての書類を保管済み。',8471),
(40416,'2020-05-10','2020-05-16','2020-05-14','発送済',NULL,8386),
(40417,'2020-05-13','2020-05-19','2020-05-19','係争中','お客様はモデルの色やディテールが好みではない。',8141),
(40418,'2020-05-16','2020-05-24','2020-05-20','発送済',NULL,8412),
(40419,'2020-05-17','2020-05-28','2020-05-19','発送済',NULL,8382),
(40420,'2020-05-29','2020-06-07',NULL,'手配中',NULL,8282),
(40421,'2020-05-29','2020-06-06',NULL,'手配中','倉庫へ配送した注文の船積み指示',8124),
(40422,'2020-05-30','2020-06-11',NULL,'手配中',NULL,8157),
(40423,'2020-05-30','2020-06-05',NULL,'手配中',NULL,8314),
(40424,'2020-05-31','2020-06-08',NULL,'手配中',NULL,8141),
(40425,'2020-05-31','2020-06-07',NULL,'手配中',NULL,8119)
;

/* Table No. 5 */
/*Table structure for table payments */
DROP TABLE IF EXISTS payments;

CREATE TABLE payments (
  customerNumber int(11) NOT NULL comment '顧客番号',
  checkNumber varchar(50) NOT NULL comment '確認番号',
  paymentDate date NOT NULL comment '支払日',
  amount decimal(10,2) NOT NULL comment '金額',
  PRIMARY KEY (customerNumber,checkNumber)
) ENGINE=InnoDB 
DEFAULT CHARSET=utf8mb4 COLLATE=utf8mb4_0900_ai_ci
comment='支払'
;

/*Data for the table payments */
insert  into payments(customerNumber,checkNumber,paymentDate,amount) values 
(8103,'HQ336336','2019-10-19','606678.60'),
(8103,'JM555205','2018-06-05','1457144.26'),
(8103,'OM314933','2019-12-18','167614.96'),
(8112,'BO864823','2019-12-17','1419112.94'),
(8112,'HQ55022','2018-06-06','3264198.80'),
(8112,'ND748579','2019-08-20','3334788.70'),
(8114,'GG31455','2018-05-20','4586403.85'),
(8114,'MA765515','2019-12-15','8226122.04'),
(8114,'NP603840','2018-05-31','756508.90'),
(8114,'NR27552','2019-03-10','4489474.56'),
(8119,'DB933704','2019-11-14','1950182.64'),
(8119,'LN373447','2019-08-08','4792419.01'),
(8119,'NG94694','2020-02-22','4952367.49'),
(8121,'DB889831','2018-02-16','5021895.77'),
(8121,'FD317790','2018-10-28','149138.20'),
(8121,'KI831359','2019-11-04','1787632.14'),
(8121,'MA302151','2019-11-28','3463814.96'),
(8124,'AE215433','2020-03-05','10124459.41'),
(8124,'BG255406','2019-08-28','8541087.69'),
(8124,'CQ287967','2018-04-11','1104430.12'),
(8124,'ET64396','2020-04-16','8359804.86'),
(8124,'HI366474','2019-12-27','4714270.52'),
(8124,'HR86578','2019-11-02','5563966.48'),
(8124,'KI131716','2018-08-15','11165440.22'),
(8124,'LF217299','2019-03-26','4336930.12'),
(8124,'NT141748','2018-11-25','4508438.20'),
(8128,'DI925118','2018-01-28','1054901.83'),
(8128,'FA465482','2018-10-18','2410181.63'),
(8128,'FH668230','2019-03-24','3382062.44'),
(8128,'IP383901','2019-11-18','746632.14'),
(8129,'DM826140','2019-12-08','2624878.60'),
(8129,'ID449593','2018-12-11','2392393.75'),
(8129,'PI42991','2018-04-09','1653785.67'),
(8131,'CL442705','2018-03-12','2229262.44'),
(8131,'MA724562','2019-12-02','5002535.17'),
(8131,'NB445135','2019-09-11','3532197.79'),
(8141,'AU364101','2018-07-19','3625103.85'),
(8141,'DB583216','2019-11-01','3614038.20'),
(8141,'DL460618','2020-05-19','4689548.30'),
(8141,'HJ32686','2019-01-30','5983055.37'),
(8141,'ID10962','2019-12-31','11620840.22'),
(8141,'IN446258','2020-03-25','6507126.08'),
(8141,'JE105477','2020-03-18','12016658.40'),
(8141,'JN355280','2018-10-26','4953937.19'),
(8141,'JN722010','2018-02-25','4020620.02'),
(8141,'KT52578','2018-12-09','6384355.37'),
(8141,'MC46946','2019-07-09','3542074.56'),
(8141,'MF629602','2019-08-16','2000953.35'),
(8141,'NU627706','2019-05-17','2615591.73'),
(8144,'IR846303','2019-12-12','3600571.53'),
(8144,'LA685678','2018-04-09','767494.76'),
(8145,'CN328545','2019-07-03','471073.55'),
(8145,'ED39322','2019-04-26','2821170.52'),
(8145,'HR182688','2019-12-01','2056486.68'),
(8145,'JJ246391','2018-02-20','5395921.03'),
(8146,'FP549817','2019-03-18','4097853.35'),
(8146,'FU793410','2019-01-16','4961472.54'),
(8146,'LJ160635','2018-12-10','3971210.92'),
(8148,'BI507030','2018-04-22','4438015.97'),
(8148,'DD635282','2019-08-11','261184.66'),
(8148,'KM172879','2018-12-26','10574300.82'),
(8148,'ME497970','2020-03-27','351604.86'),
(8151,'BF686658','2018-12-22','5879353.35'),
(8151,'GB852215','2019-07-26','2031444.26'),
(8151,'IP568906','2018-06-18','5884135.17'),
(8151,'KI884577','2019-12-14','3996463.45'),
(8157,'HI618861','2019-11-19','3515212.94'),
(8157,'NN711988','2019-09-07','6335713.95'),
(8161,'BR352384','2019-11-14','243425.07'),
(8161,'BR478494','2018-11-18','5074365.47'),
(8161,'KG644125','2020-02-02','1269219.01'),
(8161,'NI908214','2018-08-05','3867513.95'),
(8166,'BQ327613','2019-09-16','3878548.30'),
(8166,'DC979307','2019-07-07','4416092.74'),
(8166,'LA318629','2019-02-28','2247417.99'),
(8167,'ED743615','2019-09-19','1253801.83'),
(8167,'GN228846','2018-12-03','8502446.28'),
(8171,'GB878038','2019-03-15','1899789.71'),
(8171,'IL104425','2018-11-22','4278381.63'),
(8172,'AD832091','2019-09-09','196080.62'),
(8172,'CE51751','2019-12-04','5120958.40'),
(8172,'EH208589','2018-04-20','3338314.96'),
(8173,'GP545698','2019-05-13','1184345.27'),
(8173,'IG462397','2019-03-29','2035524.06'),
(8175,'CITI3434344','2020-05-19','2850078.60'),
(8175,'IO448913','2018-11-19','2487908.90'),
(8175,'PI15215','2019-07-10','4204477.59'),
(8177,'AU750837','2019-04-17','1518363.45'),
(8177,'CI381435','2019-01-19','4717759.41'),
(8181,'CM564612','2019-04-25','2260236.18'),
(8181,'GQ132144','2018-01-30','549478.60'),
(8181,'OH367219','2019-11-16','4440050.32'),
(8186,'AE192287','2020-03-10','2360290.72'),
(8186,'AK412714','2018-10-27','3760248.30'),
(8186,'KA602407','2019-10-21','3434108.90'),
(8187,'AM968797','2019-11-03','5282529.11'),
(8187,'BQ39062','2019-12-08','4715911.93'),
(8187,'KL124726','2018-03-27','4842569.51'),
(8189,'BO711618','2019-10-03','1735953.35'),
(8189,'NM916675','2019-03-01','3253874.56'),
(8198,'FI192930','2019-12-06','965874.56'),
(8198,'HQ920205','2018-07-06','603696.78'),
(8198,'IS946883','2019-09-21','585856.38'),
(8201,'DP677013','2018-10-20','2390824.06'),
(8201,'OO846801','2019-06-15','3725894.76'),
(8202,'HI358554','2018-12-18','3652761.43'),
(8202,'IQ627690','2019-11-08','3359458.40'),
(8204,'GC697638','2019-08-13','5115286.68'),
(8204,'IS150005','2019-09-24','442440.22'),
(8205,'GL756480','2018-12-04','387996.78'),
(8205,'LL562733','2018-09-05','5034274.56'),
(8205,'NM739638','2020-02-06','3958060.42'),
(8209,'BOAF82044','2020-05-03','3515775.57'),
(8209,'ED520529','2019-06-21','463231.13'),
(8209,'PH785937','2019-05-04','3606926.08'),
(8211,'BJ535230','2018-12-09','4548079.61'),
(8216,'BG407567','2018-05-09','310140.22'),
(8216,'ML780814','2019-12-06','2494521.03'),
(8216,'MM342086','2018-12-14','4047386.68'),
(8219,'BN17870','2020-03-02','345275.57'),
(8219,'BR941480','2018-10-18','446585.67'),
(8227,'MQ413968','2018-10-31','3616446.28'),
(8227,'NU21326','2019-11-02','5374534.16'),
(8233,'BOFA23232','2020-05-20','2907038.20'),
(8233,'II180006','2019-07-01','2299745.27'),
(8233,'JG981190','2018-11-18','1690984.66'),
(8239,'NQ865547','2019-03-15','8037524.06'),
(8240,'IF245157','2019-11-16','4678814.96'),
(8240,'JO719695','2019-03-28','2499561.43'),
(8242,'AF40894','2018-11-22','3381834.16'),
(8242,'HR224331','2020-06-03','1243232.14'),
(8242,'KI744716','2018-07-21','1423270.52'),
(8249,'IJ399820','2019-09-19','3392424.06'),
(8249,'NE404084','2019-09-04','4829899.81'),
(8250,'EQ12267','2020-05-17','1792809.91'),
(8250,'HD284647','2019-12-30','2631163.45'),
(8250,'HN114306','2018-07-18','2341947.29'),
(8256,'EP227123','2019-02-10','575942.24'),
(8256,'HE84936','2019-10-22','5311699.81'),
(8259,'EU280955','2019-11-06','6123467.49'),
(8259,'GB361972','2018-12-07','2798847.29'),
(8260,'IO164641','2019-08-30','3752758.40'),
(8260,'NH776924','2019-04-24','2928442.24'),
(8276,'EM979878','2020-02-09','2708378.60'),
(8276,'KM841847','2018-11-13','3854719.01'),
(8276,'LE432182','2018-09-28','4155473.55'),
(8276,'OJ819725','2020-04-30','2984852.34'),
(8278,'BJ483870','2019-12-05','3765409.91'),
(8278,'GP636783','2018-03-02','5215181.63'),
(8278,'NI983021','2018-11-24','3772379.61'),
(8282,'IA793562','2018-08-03','2401352.34'),
(8282,'JT819493','2019-08-02','3580673.55'),
(8282,'OD327378','2020-01-03','3183536.18'),
(8286,'DR578578','2019-10-28','4741133.15'),
(8286,'KH910279','2019-09-05','4313404.86'),
(8298,'AJ574927','2019-03-13','4737592.74'),
(8298,'LF501133','2019-09-18','6140200.82'),
(8299,'AD304085','2018-10-24','3679888.70'),
(8299,'NR157385','2019-09-05','3226016.98'),
(8311,'DG336041','2020-02-15','4677052.34'),
(8311,'FA728475','2018-10-06','3272304.86'),
(8311,'NQ966143','2019-04-25','1621259.41'),
(8314,'LQ244073','2019-08-09','4535247.29'),
(8314,'MD809704','2019-03-03','1690138.20'),
(8319,'HL685576','2019-11-06','4233976.58'),
(8319,'OM548174','2018-12-07','3609240.22'),
(8320,'GJ597719','2020-01-18','830728.10'),
(8320,'HO576374','2018-08-20','4101675.57'),
(8320,'MU817160','2018-11-24','5254849.31'),
(8321,'DJ15149','2018-11-03','8555912.94'),
(8321,'LA556321','2020-03-15','4678166.48'),
(8323,'AL493079','2020-05-23','7502013.95'),
(8323,'ES347491','2019-06-24','3728136.18'),
(8323,'HG738664','2018-07-05','288000.82'),
(8323,'PQ803830','2019-12-24','3944059.41'),
(8324,'DQ409197','2019-12-13','1367182.64'),
(8324,'FP443161','2018-07-07','2942914.96'),
(8324,'HB150714','2018-11-23','3745577.59'),
(8328,'EN930356','2019-04-16','717866.48'),
(8328,'NR631421','2019-05-30','3110285.67'),
(8333,'HL209210','2018-11-15','2393653.35'),
(8333,'JK479662','2018-10-17','982132.14'),
(8333,'NF959653','2020-03-01','2143231.13'),
(8334,'CS435306','2020-01-27','4578534.16'),
(8334,'HH517378','2018-08-16','2971686.68'),
(8334,'LF737277','2019-05-22','2839454.36'),
(8339,'AP286625','2019-10-24','2333306.88'),
(8339,'DA98827','2018-11-28','3460628.10'),
(8344,'AF246722','2018-11-24','3142821.03'),
(8344,'NJ906924','2019-04-02','1532293.75'),
(8347,'DG700707','2019-01-18','2105369.51'),
(8347,'LG808674','2018-10-24','2045250.32'),
(8350,'BQ602907','2019-12-11','1888831.13'),
(8350,'CI471510','2018-05-25','5082466.48'),
(8350,'OB648482','2020-01-29','183456.38'),
(8353,'CO351193','2020-01-10','4970552.34'),
(8353,'ED878227','2018-07-21','1392026.08'),
(8353,'GT878649','2018-05-21','1670047.29'),
(8353,'HJ618252','2020-06-09','4665694.76'),
(8357,'AG240323','2018-12-16','2022019.86'),
(8357,'NB291497','2019-05-15','3644234.16'),
(8362,'FP170292','2019-07-11','1847371.53'),
(8362,'OG208861','2019-09-21','1505976.58'),
(8363,'HL575273','2019-11-17','5079969.51'),
(8363,'IS232033','2018-01-16','1022383.65'),
(8363,'PN238558','2018-12-05','5542577.59'),
(8379,'CA762595','2020-02-12','2832283.65'),
(8379,'FR499138','2018-09-16','3268031.13'),
(8379,'GB890854','2019-08-02','1253051.33'),
(8381,'BC726082','2019-12-03','1208152.34'),
(8381,'CC475233','2018-04-19','162756.38'),
(8381,'GB117430','2020-02-03','1437990.72'),
(8381,'MS154481','2018-08-22','112820.02'),
(8382,'CC871084','2018-05-12','3582633.15'),
(8382,'CT821147','2019-08-01','641984.66'),
(8382,'PH29054','2019-11-27','4281383.65'),
(8385,'BN347084','2018-12-02','2064424.06'),
(8385,'CP804873','2019-11-19','1582284.66'),
(8385,'EK785462','2018-03-09','5100122.04'),
(8386,'DO106109','2018-11-18','3852429.11'),
(8386,'HG438769','2019-07-18','5161902.84'),
(8398,'AJ478695','2020-02-14','3396773.55'),
(8398,'DO787644','2019-06-21','2203791.73'),
(8398,'JPMR4544','2020-05-18','61545.27'),
(8398,'KB54275','2019-11-29','4892764.46'),
(8406,'BJMPR4545','2020-04-23','1219085.67'),
(8406,'HJ217687','2019-01-28','4916516.98'),
(8406,'NA197101','2019-06-17','2508096.78'),
(8412,'GH197075','2019-07-25','3503457.39'),
(8412,'PJ434867','2019-04-14','3167037.19'),
(8415,'ER54537','2019-09-28','3131009.91'),
(8424,'KF480160','2019-12-07','2550598.80'),
(8424,'LM271923','2018-04-16','2166598.80'),
(8424,'OA595449','2018-10-31','2204237.19'),
(8447,'AO757239','2018-09-15','663136.18'),
(8447,'ER615123','2018-06-25','1703229.11'),
(8447,'OU516561','2019-12-17','2630413.95'),
(8448,'FS299615','2020-04-18','2796654.36'),
(8448,'KR822727','2019-09-30','4880990.72'),
(8450,'EF485824','2019-06-21','5955138.20'),
(8452,'ED473873','2018-11-15','2712190.72'),
(8452,'FN640986','2018-11-20','1513097.79'),
(8452,'HG635467','2020-05-03','880712.94'),
(8455,'HA777606','2018-12-05','3813918.00'),
(8455,'IR662429','2019-05-12','3223947.29'),
(8456,'GJ715659','2019-11-13','2755051.33'),
(8456,'MO743231','2019-04-30','167992.74'),
(8458,'DD995006','2019-11-15','3314556.38'),
(8458,'NA377824','2019-02-06','2216261.43'),
(8458,'OO606861','2018-06-13','5713192.74'),
(8462,'ED203908','2020-04-15','3029377.59'),
(8462,'GC60330','2018-11-08','997785.67'),
(8462,'PE176846','2019-11-27','4835587.69'),
(8471,'AB661578','2019-07-28','941513.95'),
(8471,'CO645196','2018-12-10','3550563.45'),
(8473,'LL427009','2019-02-17','761206.88'),
(8473,'PC688499','2018-10-27','1774626.08'),
(8475,'JP113227','2018-12-09','767825.07'),
(8475,'PB951268','2019-02-13','3607047.29'),
(8484,'GK294076','2019-10-26','347466.48'),
(8484,'JH546765','2018-11-29','4751319.01'),
(8486,'BL66528','2019-04-14','589938.20'),
(8486,'HS86661','2019-11-23','4599407.89'),
(8486,'JB117768','2018-03-20','2583314.96'),
(8487,'AH612904','2018-09-28','2999709.91'),
(8487,'PT550181','2019-02-28','1257328.10'),
(8489,'OC773849','2018-12-04','2227573.55'),
(8489,'PO860906','2019-01-31','731042.24'),
(8495,'BH167026','2018-12-26','5926514.96'),
(8495,'FN155234','2019-05-14','627660.42'),
(8496,'EU531600','2020-05-25','3025375.57'),
(8496,'MB342426','2018-07-16','3207744.26'),
(8496,'MN89921','2019-12-31','5216600.82')
;

/* Table No. 6 */
/*Table structure for table productlines */
DROP TABLE IF EXISTS productcategories;

CREATE TABLE productcategories (
  productCategory varchar(50) NOT NULL comment '商品カテゴリ',
  textDescription varchar(4000) DEFAULT NULL comment 'カテゴリ説明',
  htmlDescription mediumtext comment 'HTML説明',
  image mediumblob comment 'イメージ画像',
  PRIMARY KEY (productCategory)
) ENGINE=InnoDB 
DEFAULT CHARSET=utf8mb4 COLLATE=utf8mb4_0900_ai_ci
comment='商品カテゴリ'
;

/*Data for the table productlines */
insert  into productcategories(productCategory,textDescription,htmlDescription,image) values 
('クラシックカー','車好きの方へ。あなたの夢のような車所有の夢を実現させましょう。クラシックなマッスルカー、夢のスポーツカー、映画にインスパイアされたミニチュアをお探しの方は、このカテゴリーで素晴らしい選択肢を見つけることができるでしょう。これらのレプリカは、細部と職人技に優れた注意を特色にし、そのような作業ステアリングシステム、開口部前方コンパートメント、取り外し可能なスペアホイールと開口部リアトランク、4輪独立したスプリングサスペンションなどの機能を提供しています。模型のサイズは1:10から1:24まであり、限定車や生産終了車も多数収録されています。すべてのモデルにはメーカーの鑑定書が付属しており、完全に組み立てられた状態でご家庭やオフィスに展示することができます。',NULL,NULL),
('オートバイ','当社のオートバイは、ハーレーダビッドソン、ドゥカティ、ベスパなどの伝説的なオートバイだけでなく、古典的なオートバイの最先端のレプリカです。モデルには、公式ロゴ、回転ホイール、可動式キックスタンド、フロントサスペンション、ギアシフトレバー、フットブレーキレバー、ドライブチェーンなど、驚くほどのディテールが盛り込まれています。使用されている素材は、ダイキャストとプラスチックを含みます。モデルのサイズは1:10から1:50までで、多数の限定版や生産終了の車両も含まれています。すべてのモデルは完全に組み立てられており、自宅やオフィスに飾ることができます。ほとんどのモデルには真正性の証明書が含まれています。',NULL,NULL),
('飛行機','ユニークなダイキャスト製の飛行機とヘリコプターのレプリカは、コレクションだけでなく、自宅やオフィス、教室の装飾にも適しています。モデルには、公式ロゴや記章、回転するジェットエンジンやプロペラ、格納式の車輪など、驚くほどのディテールが盛り込まれています。ほとんどのモデルは完全に組み立てられており、メーカーからの信頼性の証明書が付いています。',NULL,NULL),
('船','役員、顧客、友人、家族のための完璧な休日や記念日のギフト。これらの手作りの模型船は、何世代にもわたって大切にされるユニークで見事な芸術作品です。それらは十分に組み立てられ、家かオフィスの表示のために準備ができて来ます。私達は最高の質および最もよい価値を保証します。',NULL,NULL),
('鉄道列車','鉄道模型は、あらゆる年齢層の愛好家にとってやりがいのある趣味です。あなたが収集可能な木製の列車、電気路面電車や機関車を探しているかどうかにかかわらず、このカテゴリ内の任意の予算のための素晴らしい選択肢の数を見つけることができます。列車のインタラクティブな側面は、小さな子供に最適です。木製の列車セットは、5歳以下の子供に最適です。',NULL,NULL),
('トラック・バス','トラックとバスのモデルは、1920年代初頭から現在までに生産されたバスや特殊トラックをリアルに再現したものです。モデルのサイズは1:12から1:50までで、多数の限定版といくつかの生産中止車両が含まれています。素材はブリキ、ダイキャスト、プラスチックなどが使用されています。すべてのモデルにはメーカーからの鑑定書が付属しており、家庭やオフィスの装飾品としても最適です。',NULL,NULL),
('ビンテージカー','1900年代初頭から1940年代までに生産された自動車をリアルに再現したビンテージカーモデルです。素材はベークライト、ダイキャスト、プラスチック、木材を使用しています。レプリカのほとんどは1:18と1:24のスケールサイズで、ディテールと精度の最適化を実現しています。価格は$30.00からいくつかの特別な限定版のレプリカのための$180.00までの範囲です。すべてのモデルには、メーカーからの真正性の証明書が含まれており、完全に組み立てられた状態で、ご自宅やオフィスに飾る準備ができています。',NULL,NULL)
;

/* Table No. 7 */
/*Table structure for table products */
DROP TABLE IF EXISTS products;

CREATE TABLE products (
  productCode varchar(15) NOT NULL comment '商品コード',
  productName varchar(70) NOT NULL comment '商品名',
  productCategory varchar(50) NOT NULL comment '商品カテゴリ',
  productScale varchar(10) NOT NULL comment 'スケール',
  productVendor varchar(50) NOT NULL comment '製造会社',
  productDescription text NOT NULL comment '商品説明',
  quantityInStock smallint(6) NOT NULL comment '在庫数量',
  buyPrice decimal(10,2) NOT NULL comment '売価',
  MSRP decimal(10,2) NOT NULL comment '希望小売価格',
  PRIMARY KEY (productCode),
  KEY productcategories (productCategory)
) ENGINE=InnoDB 
DEFAULT CHARSET=utf8mb4 COLLATE=utf8mb4_0900_ai_ci
comment='商品'
;

/*Data for the table products */
insert  into products(productCode,productName,productCategory,productScale,productVendor,productDescription,quantityInStock,buyPrice,MSRP) values 
('S10_1678','1969 Harley Davidson Ultimate Chopper','オートバイ','1:10','ミン リン ダイキャスト社','このレプリカは、動作するキックスタンド、フロントサスペンション、ギアシフトレバー、フットブレーキレバー、ドライブチェーン、ホイール、ステアリングを備えています。すべての部品は、その正確なスケールのために特に繊細であり、特別なケアと注意が必要です。',7933,'4881.63','9570.52'),
('S10_1949','1952 Alpine Renault 1300','クラシックカー','1:10','クラシック マテリアル クリエーションズ社','回転可能な前輪、ステアリング機能、精密な内装、精密エンジン、開閉可能なボンネット、開閉可能なトランク、開閉可能なドア、精密なシャーシ',7305,'9858.40','21430.12'),
('S10_2016','1996 Moto Guzzi 1100i','オートバイ','1:10','ハイウェイ 66 ミニ クラッシックス社','Moto Guzzi の公式ロゴと記章、モーターサイクルの側面に配置されたサドルバッグ、詳細なエンジン、ステアリング、サスペンション、2つのレザーシート、ラゲッジラック、デュアルエキゾーストパイプ、ハンドルバーに配置された小さなサドルバッグ、クロームアクセント付きツートンカラー塗装、優れたダイキャストディテール、回転ホイール、キックスタンド、プラスチックパーツとベークドエナメル仕上げのダイキャストメタル。',6625,'6899.81','11894.76'),
('S10_4698','2003 Harley-Davidson Eagle Drag Bike','オートバイ','1:10','レッド スター ダイキャスト社','モデルの特徴、ハーレーダビッドソンのオフィシャルロゴと記章、着脱式リアウィリーバー、樹脂パーツを使用した重厚なダイキャストメタル、本格的なマルチカラータンポプリントグラフィック、セパレートエンジンドライブベルト、フリーターンフロントフォーク、回転タイヤとリアレーシングスリック、鑑定書、精密なエンジン、ディスプレイスタンド、精密ダイキャストレプリカ、ベークドエナメル仕上げ、1:10スケールモデル、V型2気筒エンジンの優れたディテールを展示するための取り外し可能なフェンダー、シート、タンクカバーのピース。',5582,'9102.84','19366.48'),
('S10_4757','1972 Alfa Romeo GTA','クラシックカー','1:10','モーター シティ アート クラッシックス社','特徴は以下の通りです。回転可能な前輪、ステアリング機能、精密なインテリア、精密なエンジン、オープンフード、オープントランク、オープンドア、精密なシャーシ。',3252,'8568.50','13600.82'),
('S10_4962','1962 LanciaA Delta 16V','クラシックカー','1:10','セコンド ギア ダイキャスト社','特徴は以下の通りです。回転可能な前輪、ステアリング機能、精密なインテリア、精密なエンジン、オープンフード、オープントランク、オープンドア、精密なシャーシ。',6791,'10342.24','14774.56'),
('S12_1099','1968 Ford Mustang','クラシックカー','1:12','オートアート スタジオ デザイン社','ボンネット、ドア、トランクのすべてを開くと、細部にまでこだわったインテリアを見ることができます。ステアリングホイールは実際に前輪を回転させます。カラーはダークグリーン。',68,'9534.16','19457.39'),
('S12_1108','2001 Ferrari Enzo','クラシックカー','1:12','セコンド ギア ダイキャスト社','回転可能な前輪、ステアリング機能、精密な内装、精密エンジン、開閉可能なボンネット、開閉可能なトランク、開閉可能なドア、精密なシャーシ。',3619,'9559.41','20780.62'),
('S12_1666','1958 Setra Bus','トラック・バス','1:12','ウェリィー ダイキャスト プロダクションズ社','モデルの特徴は、30個の窓、天窓＆防眩ガラス、ワーキングステアリングシステム、オリジナルのロゴ。',1579,'7790.72','13667.49'),
('S12_2823','2002 Suzuki XREO','オートバイ','1:12','ユニマックス アート ギャラリーズ社','公式ロゴと記章、モーターサイクルの側面に配置されたサドルバッグ、詳細なエンジン、ステアリング、サスペンション、2つのレザーシート、ラゲッジラック、デュアルエキゾーストパイプ、ハンドルバーに配置された小さなサドルバッグ、クロームアクセントのツートーンペイント、優れたダイキャストディテール、回転ホイール、キックスタンド、プラスチックパーツとベークドエナメル仕上げのダイキャストメタル。',9997,'6627.09','15062.44'),
('S12_3148','1969 Corvair Monza','クラシックカー','1:18','ウェリィー ダイキャスト プロダクションズ社','1:18スケールのダイキャストで、開閉可能なボンネット、開閉可能なトランク、約10インチの長さの開閉可能なドア回転可能な車輪。',6906,'8914.96','15108.90'),
('S12_3380','1968 Dodge Charger','クラシックカー','1:12','ウェリィー ダイキャスト プロダクションズ社','1968年式ダッジチャージャーの1:12スケールモデル。ボンネット、ドア、トランクをすべて開くと、細部にまでこだわったインテリアが見えてきます。ステアリングホイールは実際に前輪を回転させます。カラーは黒。',9123,'7516.98','11744.26'),
('S12_3891','1969 Ford Falcon','クラシックカー','1:12','セコンド ギア ダイキャスト社','回転可能な前輪、ステアリング機能、精密な内装、精密エンジン、開閉可能なボンネット、開閉可能なトランク、開閉可能なドア、精密なシャーシ。',1049,'8305.87','17302.84'),
('S12_3990','1970 Plymouth Hemi Cuda','クラシックカー','1:12','スタジオ M アート モデルズ社','非常に詳細な1970年プリマス・クーダの1:12スケールモデル。クダは、1970年代のオリジナルマッスルカーの中でも最も速い車の一つとして一般的に受け入れられています。このモデルは1970年に製造されたオリジナル652台のうちの1台を再現したものです。カラーはレッド。',5663,'3192.74','7980.62'),
('S12_4473','1957 Chevy Pickup','トラック・バス','1:12','エクソト デザインズ社','1:12スケールダイキャスト、約50cmのフードが開き、ゴム製の車輪が付いています。',6125,'5570.52','11850.32'),
('S12_4675','1969 Dodge Charger','クラシックカー','1:12','ウェリィー ダイキャスト プロダクションズ社','1969年式ダッジチャージャーの詳細モデル。内外装を細かく再現したモデルです。赤と白で塗装されています。',7323,'5873.55','11516.98'),
('S18_1097','1940 Ford Pickup Truck','トラック・バス','1:18','スタジオ M アート モデルズ社','このモデルは、ソフトラバータイヤ、ワーキングステアリング、ラバーマッドガード、本物のフォードロゴ、精密な足回り、オープンドアとボンネット、取り外し可能なスプリットリアゲート、ベッドにマウントされたフルサイズのスペア、オープングローブボックスを備えた詳細なインテリアを特徴としています。',2613,'5833.15','11667.49'),
('S18_1129','1993 Mazda RX-7','クラシックカー','1:18','ハイウェイ 66 ミニ クラッシックス社','このモデルの特徴は、開閉可能なボンネット、開閉可能なドア、精密なエンジン、リアスポイラー、開閉可能なトランク、ワーキングステアリング、ティンテッドウィンドウ、ベイクドエナメル仕上げ。色は赤。',3975,'8351.33','14154.36'),
('S18_1342','1937 Lincoln Berline','ビンテージカー','1:18','モーター シティ アート クラッシックス社','開くエンジンカバー、ドア、トランク、フューエルフィラーキャップを装備。カラーはブラック。',8693,'6062.44','10274.56'),
('S18_1367','1936 Mercedes-Benz 500K Special Roadster','ビンテージカー','1:18','スタジオ M アート モデルズ社','この1:18スケールのレプリカは、重厚なダイキャスト製の金属製で、オリジナルの特徴をすべて備えています。このすべては、焼きエナメル仕上げでトッピングされています。カラーはホワイト。',8635,'2426.08','5391.73'),
('S18_1589','1965 Aston Martin DB5','クラシックカー','1:18','クラシック マテリアル クリエーションズ社','1965年式アストンマーチンDB5のシルバー色のダイキャストです。このモデルには、フルワイヤーホイールと精密なパッセンジャーコンパートメントと開閉可能なドアが含まれています。1:18スケールで、このモデルの全長は約20cmです。',9042,'6596.78','12444.26'),
('S18_1662','1980s Black Hawk Helicopter','飛行機','1:18','レッド スター ダイキャスト社','陸軍のUH-60L ブラックホークヘリコプターの実物を1:18スケールで再現。100%手で組み立てられています。回転するローターブレード、プロペラブレード、ゴム車輪が特徴。',5330,'7727.09','15769.51'),
('S18_1749','1917 Grand Touring Sedan','ビンテージカー','1:18','ウェリィー ダイキャスト プロダクションズ社','この1917年のグランドツーリングカーの1:18スケールのレプリカは、博物館品質のレプリカに期待されるすべての機能を備えています：すべての4つのドアと2つ折りのフード開口部、精密なエンジンとインストルメントパネル、クロムルックのトリム、タフト付きの布張り、すべて工場のベークドエナメル仕上げで仕上げられています。',2724,'8670.52','17000.82'),
('S18_1889','1948 Porsche 356-A Roadster','クラシックカー','1:18','ギアボックス コレクティブルズ社','この精密ダイキャストレプリカは、オープンドア、素晴らしいディテールとクラフトマンシップ、ステアリングシステム、フロントコンパートメント、取り外し可能なスペア付きオープンリアトランク、4輪独立スプリングサスペンションだけでなく、工場で焼き付けられたエナメル仕上げが特徴です。',8826,'5390.72','7700.82'),
('S18_1984','1995 Honda Civic','クラシックカー','1:18','ミン リン ダイキャスト社','このモデルの特徴は、オープニングボンネット、オープニングドア、精密なエンジン、リアスポイラー、オープニングトランク、ワーキングステアリング、ティンテッドウィンドウ、ベイクドエナメル仕上げ。カラーはイエロー。',9772,'9389.71','14225.07'),
('S18_2238','1998 Chrysler Plymouth Prowler','クラシックカー','1:18','ギアボックス コレクティブルズ社','回転可能な前輪、ステアリング機能、精密な内装、精密エンジン、開閉可能なボンネット、開閉可能なトランク、開閉可能なドア、精密なシャーシ。',4724,'10151.33','16373.55'),
('S18_2248','1911 Ford Town Car','ビンテージカー','1:18','モーター シティ アート クラッシックス社','オープニングフード、オープニングドア、オープニングトランク、ワイドホワイトウォールタイヤ、フロントドアアームレスト、ワーキングステアリングシステムを装備。',540,'3330.12','6054.36'),
('S18_2319','1964 Mercedes Tour Bus','トラック・バス','1:18','ユニマックス アート ギャラリーズ社','正確なレプリカ。100以上の部品、ステアリングシステム、オリジナルのロゴが動作します。',8258,'7486.68','12273.55'),
('S18_2325','1932 Model A Ford J-Coupe','ビンテージカー','1:18','オートアート スタジオ デザイン社','グリルマウントのクロームホーン、リフトアップ式ルーバー付きボンネット、折り畳み式ランブルシート、ワーキングステアリングシステム、クロームカバー付きスペア、オープンドア、細部のディテールとワイヤリングされたエンジンを装備しています。',9354,'5848.30','12713.95'),
('S18_2432','1926 Ford Fire Engine','トラック・バス','1:18','カルーセル ダイキャスト レジェンズ社','赤く輝くハンサムな外観。ホース、はしご、斧、ベル、ランタン、全てが揃っていて、どんな地獄とも戦えるようになっている。',2018,'2492.74','6077.59'),
('S18_2581','P-51-D Mustang','飛行機','1:72','ギアボックス コレクティブルズ社','巻き取り式の車輪が付いており、スタンドが付属しています。',992,'4900.82','8448.30'),
('S18_2625','1936 Harley Davidson El Knucklehead','オートバイ','1:18','ウェリィー ダイキャスト プロダクションズ社','クロムのアクセントとトリム、公式のダイストラックロゴと焼きエナメル仕上げの複雑なディテール。',4357,'2423.05','6057.39'),
('S18_2795','1928 Mercedes-Benz SSK','ビンテージカー','1:18','ギアボックス コレクティブルズ社','この1:18レプリカは、グリルに取り付けられたクロームホーン、リフトアップルーバー付きボンネット、折り畳み式ランブルシート、ステアリングシステム、クロームカバー付きスペア、オープンドア、精密に配線されたエンジンを備えています。カラーはブラック。',548,'7256.38','16875.57'),
('S18_2870','1999 Indy 500 Monte Carlo SS','クラシックカー','1:18','レッドスタートダイキャスト社','開閉扉が特徴です。色はレッド。',8164,'5676.58','13200.82'),
('S18_2949','1913 Ford Model T Speedster','ビンテージカー','1:18','カルーセル ダイキャスト レジェンズ社','この250個のパーツから組み上げたレプリカには、可動式のハンドブレーキ、クラッチ、スロットルとフットペダル、スクイーズ可能なホーン、精密に配線されたエンジン、取り外し可能な水、ガス、オイル缶、回転するモノクルフロントガラスが含まれており、すべて焼きエナメルレッド仕上げでトッピングされています。各レプリカには、オーナーズタイトルと真正性の証明書が付属しています。色は赤。',4189,'6078.60','10131.13'),
('S18_2957','1934 Ford V8 Coupe','ビンテージカー','1:18','ミン リン ダイキャスト社','クロームトリム、クロームグリル、オープニングフード、オープニングドア、オープニングトランク、精密エンジン、ワーキングステアリングシステム。',5649,'3435.17','6246.28'),
('S18_3029','1999 Yamaha Speed Boat','船','1:18','ミン リン ダイキャスト社','正確なレプリカ。木と金属。リギング、長いボート、パイロットハウス、アンカーなどを含む多くの余分な。3本のマストが付属しています。',4259,'5161.43','8602.84'),
('S18_3136','18th Century Vintage Horse Carriage','ビンテージカー','1:18','レッドスタートダイキャスト社','アンティーク馬車を約1/18スケールで再現したダイキャスト風の金属製馬車です。アンティーク風の金属製ステージコーチは、全て手作業で組み立てられています。',5992,'6074.56','10472.54'),
('S18_3140','1903 Ford Model A','ビンテージカー','1:18','ユニマックス アート ギャラリーズ社','オープニングトランク、ワーキングステアリングシステムを装備。',3913,'6830.12','13659.41'),
('S18_3232','1992 Ferrari 360 Spider red','クラシックカー','1:18','ユニマックス アート ギャラリーズ社','このレプリカは、ドアを開く機能、素晴らしいディテールとクラフトマンシップ、作業ステアリングシステム、前方のコンパートメントを開く、取り外し可能なスペア、4輪独立した春のサスペンションだけでなく、工場の焼きエナメル仕上げの開口部を備えています。',8347,'7790.72','16934.16'),
('S18_3233','1985 Toyota Supra','クラシックカー','1:18','ハイウェイ 66 ミニ クラシックス社','このモデルは、ソフトラバータイヤ、ワーキングステアリング、ラバーマッドガード、本物のフォードロゴ、精密な足回り、オープンドアとボンネット、取り外し可能なスプリットリアゲート、ベッドにマウントされたフルサイズのスペア、オープングローブボックスを備えた精密なインテリアを特徴としています。',7733,'5701.83','10757.39'),
('S18_3259','Collectable Wooden Train','鉄道列車','1:18','カルーセル ダイキャスト レジェンズ社','手作業で作られた木製のおもちゃの列車のセットは、約1:18のスケールで、実際のヴィンテージ列車の2つの追加のカートを含む全長25インチです。このアンティークスタイルの木製トイ・トレインのモデルセットは、100%木材を使用して全て手作業で組み立てられています。',6450,'6756.38','10084.66'),
('S18_3278','1969 Dodge Super Bee','クラシックカー','1:18','ミン リン ダイキャスト社','このレプリカは、オープンドア、素晴らしいディテールとクラフツマンシップ、作業ステアリングシステム、オープンフォワードコンパートメント、取り外し可能なスペアとオープンリアトランク、4輪独立スプリングサスペンションだけでなく、工場の焼きエナメル仕上げを備えています。',1917,'4905.87','8041.23'),
('S18_3320','1917 Maxwell Touring Car','ビンテージカー','1:18','エクソト デザインズ社','特徴 ゴールドトリム、フルサイズスペアタイヤ、クロームトリム、クロームグリル、オープニングフード、オープニングドア、オープニングトランク、精密エンジン、ワーキングステアリングシステム。',7913,'5754.36','9921.03'),
('S18_3482','1976 Ford Gran Torino','クラシックカー','1:18','ギアボックス コレクティブルズ社','1976年製フォード・グラントリノ「スタースキーとハッチ」ダイキャストモデルです。赤と白のパターンで塗装されています。',9127,'7349.31','14699.81'),
('S18_3685','1948 Porsche Type 356 Roadster','クラシックカー','1:18','ギアボックス コレクティブルズ社','正確に再現されたショックアブソーバーを作動させた前後サスペンション、オープンエンジンカバー、リアスタビライザーフラップ、4つのオープンドアなどが特徴です。',8990,'6216.98','14128.10'),
('S18_3782','1957 Vespa GS150','オートバイ','1:18','スタジオ M アート モデルズ社','回転可能な車輪、動くキックスタンドが特徴です。スタンドが付属しています。',7689,'3295.77','6217.99'),
('S18_3856','1941 Chevrolet Special Deluxe Cabriolet','ビンテージカー','1:18','エクソト デザインズ社','オープニングフード、オープニングドア、オープニングトランク、ワイドホワイトウォールタイヤ、フロントドアアームレスト、ワーキングステアリングシステムを装備。',2378,'6458.40','10587.69'),
('S18_4027','1970 Triumph Spitfire','クラシックカー','1:18','ミン リン ダイキャスト社','特徴は、開閉可能な扉です。色は白。',5545,'9192.74','14362.44'),
('S18_4409','1932 Alfa Romeo 8C2300 Spider Sport','ビンテージカー','1:18','エクソト デザインズ社','この1:18スケールの精密ダイキャストレプリカは、オリジナルの6つのフロントヘッドライトに加え、142馬力のストレート8エンジンの精密バージョン、デュアルスペア、有名な包括的なダッシュボードを備えています。カラーはブラック。',6553,'4326.08','9203.85'),
('S18_4522','1904 Buick Runabout','ビンテージカー','1:18','エクソト デザインズ社','オープニングトランク、ワーキングステアリングシステムを装備。',8290,'5266.48','8777.59'),
('S18_4600','1940s Ford truck','トラック・バス','1:18','モーター シティ アート クラッシックス社','この1940年代フォードピックアップトラックは、オリジナルの1940年代フォードトラックを1:18スケールで再現しています。アンティークスタイルのメタル製1940年代フォード・フラットベッドトラックは、すべて手作業で組み立てられています。このコレクタブルな1940\'sピックアップトラックは、クラシックなダークグリーン色に塗装されており、回転するホイールを備えています。',3128,'8476.58','12108.90'),
('S18_4668','1939 Cadillac Limousine','ビンテージカー','1:18','スタジオ M アート モデルズ社','ベルベットのフロックドレープ、デラックスな木目調の床、独立したクロームハンドル付きの木目調のキャスケットなど、細部にまでこだわったインテリアが特徴です。',6645,'2314.96','5031.13'),
('S18_4721','1957 Corvette Convertible','クラシックカー','1:18','クラシック マテリアル クリエーションズ社','1957年、ローマンレッドのダイキャスト製コルベットコンバーチブル、ホワイトサイド、ホワイトウォールタイヤ。1:18スケールの高品質ダイキャストで、エンジンとアンダーボディが詳細に再現されています。これであなたもクラシックコルベットを手に入れることができます。',1249,'6993.75','14880.62'),
('S18_4933','1957 Ford Thunderbird','クラシックカー','1:18','スタジオ M アート モデルズ社','この1:18スケールの精密ダイキャストレプリカは、オプションの舷窓ハードトップと工場で焼いたエナメル製サンダーバードブロンズ仕上げで、このアメリカンクラシックを100％正確に再現しています。',3209,'3421.03','7127.09'),
('S24_1046','1970 Chevy Chevelle SS 454','クラシックカー','1:24','ユニマックス アート ギャラリーズ社','このモデルの特徴は、回転する車輪、ワーキングストリーリングシステム、オープンドアです。すべての部品は、その正確なスケールのために特に繊細であり、特別なケアと注意を必要とします。ドア、ルーフ、ボンネット、トランクなどで手に取らないようにしてください。',1005,'4924.06','7349.31'),
('S24_1444','1970 Dodge Coronet','クラシックカー','1:24','ハイウェイ 66 ミニ クラシックス社','1:24スケールダイキャスト 約45センチ長さの扉が開き、フードが開き、ゴム車輪が付いています。',4074,'3237.19','5780.62'),
('S24_1578','1997 BMW R 1100 S','オートバイ','1:24','オートアート スタジオ デザイン社','70個以上のパーツで構成されたサスペンションを使用した精密なレプリカ',7003,'6086.68','11270.52'),
('S24_1628','1966 Shelby Cobra 427 S/C','クラシックカー','1:24','カルーセル ダイキャスト レジェンズ社','1966年式シェルビーコブラ427S/Cのダイキャストモデルです。1960年代の象徴的なライトウェイトスポーツカーを1/24スケールで再現したモデルで、シルバーと専用ディスプレイケースが付属します。',8197,'2918.00','5031.13'),
('S24_1785','1928 British Royal Navy Airplane','飛行機','1:24','クラシック マテリアル クリエーションズ社','公式ロゴと記章つき。',3627,'6674.56','10942.24'),
('S24_1937','1939 Chevrolet Deluxe Coupe','ビンテージカー','1:24','モーター シティ アート クラッシックス社','この1939年のシボレーデラックスクーペの1:24スケールのダイキャストレプリカは、オリジナルと同じ上品な外観を持っています。トランク、ボンネット、ドアが開き、ショールーム品質の焼きエナメル仕上げです。',7332,'2257.39','3319.01'),
('S24_2000','1960 BSA Gold Star DBD34','オートバイ','1:24','ハイウェイ 66 ミニ クラシックス社','70個以上のパーツで構成されたサスペンションを使用した精密なレプリカ',15,'3732.14','7617.99'),
('S24_2011','18th century schooner','船','1:24','カルーセル ダイキャスト レジェンズ社','オールウッドに帆布帆。リギング、ロングボート、パイロットハウス、アンカーなど多くの特注品。4本のマストが付いています。',1898,'8234.16','12289.71'),
('S24_2022','1938 Cadillac V-16 Presidential Limousine','ビンテージカー','1:24','クラシック マテリアル クリエーションズ社','1938年型キャデラックV-16プレジデンシャルリムジンの1/24スケール精密ダイキャストレプリカで、フロントのフラッグから、電話やライフルを備えた開口部のある後部座席のコンパートメントまで、オリジナルのディテールをすべて再現しています。工場出荷時のベイクドエナメルブラック仕上げ、ボンネットの女神のオーナメント、可動式ジャンプシートが特徴です。',2847,'2061.43','4480.62'),
('S24_2300','1962 Volkswagen Microbus','トラック・バス','1:24','オートアート スタジオ デザイン社','この1962年マイクロバスの1:18スケールのダイキャストレプリカは、機能を満載しています。ステアリングシステム、開口部のあるフロントドアとテールゲート、有名なツートーンの工場で焼いたエナメル仕上げ、スライド式の本物のファブリック、トップにサンルーフがあります。',2327,'6134.16','12779.61'),
('S24_2360','1982 Ducati 900 Monster','オートバイ','1:24','ハイウェイ 66 ミニ クラシックス社','クロームのアクセントが付いたツートンカラーの塗装、優れたダイキャストのディテール、回転ホイール、作業キックスタンドを備えています。',6840,'4710.92','6926.08'),
('S24_2766','1949 Jaguar XK 120','クラシックカー','1:24','クラシック マテリアル クリエーションズ社','オリジナルのジャガー仕様から完璧なスケール比で精密に設計されています。オープニングドア、優れたディテールとクラフツマンシップ、ステアリングシステム、フロントコンパートメントのオープン、リアトランクのオープン（取り外し可能なスペア付き）、4輪独立スプリングサスペンション、純正ベークドエナメル仕上げなどを特徴としています。',2350,'4725.07','9087.69'),
('S24_2840','1958 Chevy Corvette Limited Edition','クラシックカー','1:24','カルーセル ダイキャスト レジェンズ社','この1958年製シボレー・コルベット・リミテッド・エディションの作動部品は、その精密なスケールのために特に繊細であり、特別な配慮と注意が必要です。回転するホイール、作動するストリーリング、開くドアとトランクが特徴です。カラーはダークグリーン。',2542,'1591.73','3536.18'),
('S24_2841','1900s Vintage Bi-Plane','飛行機','1:24','オートアート スタジオ デザイン社','手作りのダイキャスト風金属製バイプレーンを、アンティークのパイオニア機を約1:24スケールで再現。すべて手作業で組み立てられています。クラシックな黄色で手描きされ、オリジナルの飛行機の正しいマーキングが施されています。',5942,'3425.07','6851.33'),
('S24_2887','1952 Citroen-15CV','クラシックカー','1:24','エクソト デザインズ社','1952年の15CVを1:18スケールで精密に手作業で再現したもので、独立したスプリングサスペンション、ステアリングシステム、オープンドアとボンネット、詳細なエンジンとインストルメントパネルを備え、すべて工場で焼き上げたばかりのエナメル仕上げが施されています。',1452,'7282.64','11744.26'),
('S24_2972','1982 Lamborghini Diablo','クラシックカー','1:24','セコンド ギア ダイキャスト社','このレプリカは、オープンドア、素晴らしいディテールとクラフツマンシップ、作業ステアリングシステム、オープンフォワードコンパートメント、取り外し可能なスペアとオープンリアトランク、4輪独立スプリングサスペンションだけでなく、工場の焼きエナメル仕上げを備えています。',7723,'1624.06','3776.58'),
('S24_3151','1912 Ford Model T Delivery Wagon','ビンテージカー','1:24','ミン リン ダイキャスト社','クロームトリムとグリル、オープニングボンネット、オープニングドア、開閉可能なトランク、精密なエンジン、ワーキングステアリングシステムを備えています。色は白。',9173,'4691.73','8851.33'),
('S24_3191','1969 Chevrolet Camaro Z28','クラシックカー','1:24','エクソト デザインズ社','1969 Z/28 シボレーカマロ 1:24スケールのレプリカです。この限定版の1:24スケールのダイキャストモデルカー1969年Z/28シボレーカマロZ28-ボンネット、トランク、ホイール、ストリーリング、サスペンション、ドア-の作動部品は、その正確なスケールのために特に繊細であり、特別な注意と配慮が必要です。',4695,'5051.33','8561.43'),
('S24_3371','1971 Alpine Renault 1600s','クラシックカー','1:24','ウェリィー ダイキャスト プロダクションズ社','この1971年アルパインルノー1600年代のレプリカは、ドアを開く機能、素晴らしいディテールとクラフトマンシップ、作業ステアリングシステム、前方コンパートメントを開く、取り外し可能なスペア、4輪独立した春のサスペンションだけでなく、工場の焼きエナメル仕上げと開口部のリアトランク。',7995,'3858.40','6123.05'),
('S24_3420','1937 Horch 930V Limousine','ビンテージカー','1:24','オートアート スタジオ デザイン社','オープニングフード、オープニングドア、オープニングトランク、ワイドホワイトウォールタイヤ、フロントドアアームレスト、ワーキングステアリングシステムを装備。',2902,'2630.12','6575.57'),
('S24_3432','2002 Chevy Corvette','クラシックカー','1:24','ギアボックス コレクティブルズ社','この限定版ダイキャスト2002年シボレー・コルベット50thアニバーサリー・ペースカー・リミテッドエディションの動作パーツは、精密なスケールのため特に繊細で、特別な注意と配慮が必要です。回転ホイール、ポーズ可能なストリーリング、オープンドアとトランクが特徴です。',9446,'6211.93','10708.90'),
('S24_3816','1940 Ford Delivery Sedan','ビンテージカー','1:24','カルーセル ダイキャスト レジェンズ社','クロームトリム、クロームグリル、開閉可能なフード、開閉可能なドア、開閉可能なトランク、精密なエンジン、ワーキングステアリングシステム。色は黒。',6621,'4864.46','8386.68'),
('S24_3856','1956 Porsche 356A Coupe','クラシックカー','1:18','クラシック マテリアル クリエーションズ社','特徴は以下の通りです。回転可能な前輪、ステアリング機能、精密なインテリア、精密なエンジン、オープンフード、オープントランク、オープンドア、精密なシャーシ。',6600,'9830.12','14043.25'),
('S24_3949','Corsair F4U ( Bird Cage)','飛行機','1:24','セコンド ギア ダイキャスト社','引込み式の車輪が付いていて、スタンドが付属しています。公式ロゴと記章つき。',6812,'2934.16','6824.06'),
('S24_3969','1936 Mercedes Benz 500k Roadster','ビンテージカー','1:24','レッドスタートダイキャスト社','グリルマウントクロームホーン、リフトアップルーバー付きボンネット、折り畳み式ランブルシート、ワーキングステアリングシステム、ラバーホイールを装備。カラーはブラック。',2081,'2175.57','4103.85'),
('S24_4048','1992 Porsche Cayenne Turbo Silver','クラシックカー','1:24','エクソト デザインズ社','このレプリカは、オープンドア、素晴らしいディテールとクラフツマンシップ、作業ステアリングシステム、オープンフォワードコンパートメント、取り外し可能なスペアとオープンリアトランク、4輪独立スプリングサスペンションだけでなく、工場の焼きエナメル仕上げを備えています。',6582,'6978.60','11828.10'),
('S24_4258','1936 Chrysler Airflow','ビンテージカー','1:24','セコンド ギア ダイキャスト社','オープニングトランク、ワーキングステアリングシステムを装備。カラーは濃緑。',4710,'5746.28','9739.21'),
('S24_4278','1900s Vintage Tri-Plane','飛行機','1:24','ユニマックス アート ギャラリーズ社','手作りのダイキャスト風メタル三葉機を約1:24のスケールで再現しました。このアンティークスタイルのメタル三葉機は、すべて手作業で組み立てられています。',2756,'3623.05','7245.27'),
('S24_4620','1961 Chevrolet Impala','クラシックカー','1:18','クラシック マテリアル クリエーションズ社','この1961年シボレー・インパラの1:18スケールの精密ダイキャスト複製は、開くドア、ボンネット、トランク、詳細な409立方インチのエンジン、クロームのダッシュボードとスティックシフト、ツートーンのインテリア、ステアリングシステム、工場のベークドエナメル仕上げのすべての機能を備えています。',7869,'3233.15','8084.66'),
('S32_1268','1980’s GM Manhattan Express','トラック・バス','1:32','モーター シティ アート クラッシックス社','この1980年代の新しい外観のマンハッタンエクスプレスは、ブロンクスからマンハッタンのミッドタウンまで走っています。35個の窓があり、ライトも点灯しています。バッテリーが必要です。',5099,'5393.75','9631.13'),
('S32_1374','1997 BMW F650 ST','オートバイ','1:32','エクソト デザインズ社','公式ダイストラックロゴと焼きエナメル仕上げ。スタンド付き。',178,'6692.74','9989.71'),
('S32_2206','1982 Ducati 996 R','オートバイ','1:32','ギアボックス コレクティブルズ社','回転可能な車輪、動くキックスタンドが特徴です。スタンドが付属しています。',9241,'2414.96','4023.05'),
('S32_2509','1954 Greyhound Scenicruiser','トラック・バス','1:32','クラシック マテリアル クリエーションズ社','モデルの特徴は、2段シート、50個の窓、スカイライト、防眩ガラス、ステアリングシステム、オリジナルロゴ。',2874,'2598.80','5411.93'),
('S32_3207','1950\'s Chicago Surface Lines Streetcar','鉄道列車','1:32','ギアボックス コレクティブルズ社','この路面電車は見るのが楽しみです。80個の独立した窓、電気ワイヤーガイド、シート、ポール、運転手のコントロール、ローリングと回転ホイールアセンブリを備えた精密なインテリア、さらに本物の工場のベークドエナメル仕上げ（シカゴではグリーンホーネット、ボストンではクリームとクリムゾン）を備えています。',8601,'2672.54','6214.96'),
('S32_3522','1996 Peterbilt 379 Stake Bed with Outrigger','トラック・バス','1:32','レッド スター ダイキャスト社','このモデルの特徴は、オープンドア、詳細なエンジン、作動するステアリング、ティンテッドウィンドウ、詳細なインテリア、ダイストラックロゴ、取り外し可能な杭を操作するアウトリガ、取り外し可能なセカンドトレーラー、機能する360度セルフローダー、精密に成形された樹脂製トレーラーとトリム、キャブのベークドエナメル仕上げです。',814,'3361.43','6464.46'),
('S32_4289','1928 Ford Phaeton Deluxe','ビンテージカー','1:32','ハイウェイ 66 ミニ クラシックス社','グリルマウントクロームホーン、リフトアップルーバー付きボンネット、折り畳み式ランブルシート、ワーキングステアリングなどを採用。',136,'3302.84','6879.61'),
('S32_4485','1974 Ducati 350 Mk3 Desmo','オートバイ','1:32','セコンド ギア ダイキャスト社','このモデルは、クロームのアクセントが付いたツートンカラーの塗装、優れたダイキャストのディテール、回転ホイール、作業キックスタンドが特徴です。',3341,'5613.95','10205.87'),
('S50_1341','1930 Buick Marquette Phaeton','ビンテージカー','1:50','スタジオ M アート モデルズ社','オープニングトランク、ワーキングステアリングシステムを装備。',7062,'2706.88','4364.46'),
('S50_1392','Diamond T620 Semi-Skirted Tanker','トラック・バス','1:50','ハイウェイ 66 ミニ クラシックス社','この限定モデルは、ライオネル鉄道のライセンスを取得し、完璧なスケールで再現されています。ダイヤモンドT620は、精密なダイキャストで製作され、ファイヤーベークド・エナメル仕上げで塗装されています。取り外し可能なタンカーが付属しており、列車や車両にリアルさを加えたり、展示したりするのに最適なモデルです。',1016,'6829.11','11575.57'),
('S50_1514','1962 City of Detroit Streetcar','鉄道列車','1:50','クラシック マテリアル クリエーションズ社','この路面電車は見栄えが豪華です。99個の独立した窓、電気ワイヤーガイド、シート、ポール、運転手のコントロール、ローリングと回転ホイールアセンブリを備えた精密なインテリア、さらに本物の工場のベークドエナメル仕上げ（シカゴではグリーンホーネット、ボストンではクリームとクリムゾン）を備えています。',1645,'3749.31','5858.40'),
('S50_4713','2002 Yamaha YZR M1','オートバイ','1:50','オートアート スタジオ デザイン社','回転可能な車輪、動くキックスタンドが特徴です。スタンドが付属しています。',600,'3417.99','8136.18'),
('S700_1138','The Schooner Bluenose','船','1:700','オートアート スタジオ デザイン社','キャンバス帆とすべての木材。長さ31 1/2インチ、高さ22インチ、幅4 3/4インチを測定します。\r\n多くの特注品。スチューン船ブルーノーズは1921年にノバスコシア州でニューファンドランド沖の荒れた海を漁るために建造されました。ブルーノーズ号は、その競走能力の高さから、カナダ人の誇りとなりました。今でも切手やカナダのダイムで紹介されていますが、ブルーノーズは1946年にハイチ沖で行方不明になりました。',1897,'3400.82','6667.49'),
('S700_1691','American Airlines: B767-300','飛行機','1:700','ミン リン ダイキャスト社','公式ロゴと記章、格納式ホイールを備えた精密なレプリカ。',5841,'5115.97','9134.16'),
('S700_1938','The Mayflower','船','1:700','スタジオ M アート モデルズ社','80cmの長さ×64cmの高さ×26cm幅。\r\nキャンバス帆とすべての木材。特注品として、ロングボート、リギング、はしご、手すり、アンカー、サイドキャノン、ハンドペイントなどがあります。',737,'4330.12','8661.43'),
('S700_2047','HMS Bounty','船','1:700','ユニマックス アート ギャラリーズ社','76cmの長さ×70cmの高さ×12cm幅。\r\nリギング、ロングボート、パイロットハウス、アンカーなど、たくさんのおまけがついています。マストが3本、すべてスクエアリギングされています。',3501,'3983.65','9052.34'),
('S700_2466','America West Airlines B757-200','飛行機','1:700','モーター シティ アート クラッシックス社','公式ロゴとインシグニア。ワーキングステアリングシステム。回転するジェットエンジン。',9653,'6880.62','9972.54'),
('S700_2610','The USS Constitution Ship','船','1:700','レッド スター ダイキャスト社','オールウッド、帆は帆布。80cmの長さ×57cmの高さx21cmの幅があります。付属品はデッキに4艇、船首にシースプライト、アンカー、銅製の手すり、パイロットハウスなど。',7083,'3397.79','7228.10'),
('S700_2824','1982 Camaro Z28','クラシックカー','1:18','カルーセル ダイキャスト レジェンズ社','特徴は、開閉可能な扉です。色は白。 \r\n22cm と長めの全長です。',6934,'4653.35','10115.97'),
('S700_2834','ATA: B757-300','飛行機','1:700','ハイウェイ 66 ミニ クラシックス社','公式ロゴと記章、格納式ホイールを備えた精密なレプリカ。',7106,'5933.15','11865.47'),
('S700_3167','F/A 18 Hornet 1/72','飛行機','1:72','モーター シティ アート クラッシックス社','25cm引き込み式ランディングギア付きの翼長。パイロットが付属します。',551,'5440.22','8000.82'),
('S700_3505','The Titanic','船','1:700','カルーセル ダイキャスト レジェンズ社','完成したモデルは、長さ50cm、高さ23cm、幅8cm、納屋は赤/黒です。すべて木材と金属で作られています。',1956,'5109.91','10017.99'),
('S700_3962','The Queen Mary','船','1:700','ウェリィー ダイキャスト プロダクションズ社','正確なレプリカ。木と金属。リギング、長いボート、パイロットハウス、アンカーなどを含む多くの余分な。3本のマストが付属しています。',5088,'5363.45','9931.13'),
('S700_4002','American Airlines: MD-11S','飛行機','1:700','セコンド ギア ダイキャスト社','ポリッシュ仕上げ公式ロゴと記章、格納式ホイールを備えた精密なレプリカ。',8820,'3627.09','7403.85'),
('S72_1253','Boeing X-32A JSF','飛行機','1:72','モーター シティ アート クラッシックス社','25cm引き込み式ランディングギア付きの翼長。パイロットが付属します。',4857,'3277.59','4966.48'),
('S72_3212','Pont Yacht','船','1:72','ユニマックス アート ギャラリーズ社','長さ97cmx高さ86cm。\r\nリギング、ロングボート、パイロットハウス、アンカーなどを含む多くのエキストラが含まれています。マスト2本、すべてスクエアリギング。',414,'3330.12','5460.42')
;

/* Table No. 8 */
/*Table structure for table customers */
DROP TABLE IF EXISTS customers;

CREATE TABLE customers (
  customerNumber int(11) NOT NULL comment '顧客番号',
  customerName varchar(50) NOT NULL comment '顧客名',
  contactFirstName varchar(50) NOT NULL comment '担当者姓',
  contactLastName varchar(50) NOT NULL comment '担当者名',
  postalCode varchar(15) DEFAULT NULL comment '郵便番号',
  prefecture varchar(50) NOT NULL comment '所在県',
  city varchar(50) NOT NULL comment '所在都市',
  addressLine1 varchar(50) NOT NULL comment '住所1',
  addressLine2 varchar(50) DEFAULT NULL comment '住所2',
  phone varchar(50) NOT NULL comment '電話番号',
  salesRepEmployeeNumber int(11) DEFAULT NULL comment '営業担当従業員番号',
  creditLimit decimal(10,2) DEFAULT NULL comment '売掛金限度額',
  PRIMARY KEY (customerNumber),
  KEY salesRepEmployeeNumber (salesRepEmployeeNumber)
) ENGINE=InnoDB DEFAULT CHARSET=utf8mb4 COLLATE=utf8mb4_0900_ai_ci
comment='顧客'
;

/*Data for the table customers */
insert  into customers(customerNumber,customerName,contactFirstName,contactLastName,postalCode,prefecture,city,addressLine1,addressLine2,phone,salesRepEmployeeNumber,creditLimit) values 
(8103,'アトリエ グラフィック','浜本','隆子','939-1254','富山県','高岡市','滝新','1-1-2','0766-98-4377',1370,'2100000.00'),
(8112,'シグナル ギフト ストア','柴原','寿幸','419-0113','静岡県','田方郡','函南町','大土肥9670','055-968-2852',1166,'7180000.00'),
(8114,'オーストラリアン コレクターズ','板谷','里栄子','077-0015','北海道','留萌市','緑ヶ丘町','4-1-2','0164-85-0406',1611,'11730000.00'),
(8119,'ロッシェル ギフト','倉地','佐知子','290-0016','千葉県','市原市','門前','3-13-1','0436-85-7181',1370,'11820000.00'),
(8121,'バン ミニ インポート','丹山','和幸','959-1908','新潟県','阿賀野市','上蔵野','6795','0254-80-1876',1504,'8170000.00'),
(8124,'ミニ ギフト ディストリビューターズ','犬塚','恵里子','894-1522','鹿児島県','大島郡','瀬戸内町','嘉鉄3-13-3','0997-26-5689',1165,'21050000.00'),
(8125,'ハベル & スビシェク','永野','和子','894-3102','鹿児島県','大島郡','大和村湯湾釜5-6-6',' ミレニアム湯湾釜 1402号室','0997-42-0828',NULL,'0.00'),
(8128,'ブラワー シー オート','廣井','克憲','607-8222','京都府','京都市','山科区','勧修寺東堂田町4-11-4','075-896-2701',1504,'5970000.00'),
(8129,'ミニ ホイールズ','川添','伸之','162-0813','東京都','新宿区','東五軒町','3-8-5','03-3312-9362',1165,'6460000.00'),
(8131,'ランド オブ トイズ','寺嶋','総次郎','309-1225','茨城県','桜川市','下泉','1-9-3','0296-47-6114',1323,'11490000.00'),
(8141,'ユーロ ショッピング チャンネル','根来','孝行','190-1234','東京都','西多摩郡','瑞穂町','長岡藤橋8-15-8','042-982-3410',1370,'22760000.00'),
(8144,'ボルボ モデル レプリカズ','大竹','良弘','781-3203','高知県','高知市','土佐山','弘瀬7974','0888-98-9033',1504,'5310000.00'),
(8145,'ダニッシュ ホールセール インポート','前多','啓司 ','600-8899','京都府','京都市','下京区','西七条赤社町2-4-6','075-242-8799',1401,'8340000.00'),
(8146,'セイブリー & ヘンリオット','兵藤','賢也','400-0081','山梨県','甲府市','上帯那町5-11-1','ロイヤル上帯那町','055-241-3073',1337,'12390000.00'),
(8148,'ドラゴン スーベニールズ','福井','謙二','711-0921','岡山県','倉敷市','児島駅前','1-12-2','086-089-9106',1621,'10380000.00'),
(8151,'マッスル マシン','梶田','理恵','010-0351','秋田県','男鹿市','五里合箱井7-1-6',' 五里合箱井ハイツ 7F','0185-97-6786',1286,'13850000.00'),
(8157,'ダイキャスト クラシックス','松島','康介','489-0054','愛知県','瀬戸市','道泉町','9-5-1','0561-94-9819',1216,'10060000.00'),
(8161,'テクニクス ストアズ','橋本','幸夫','519-0401','三重県','度会郡','玉城町世古6-14-9','アーバンライフ世古','059658--7374',1165,'8460000.00'),
(8166,'ハンジ ギフト','八島','直仁','649-6621','和歌山県','紀の川市','名手西野','4-3-5','0736-39-8225',1612,'9790000.00'),
(8167,'ハーク ギフト','永本','英輝','510-0314','三重県','津市','河芸町浜田3-4-3','マンション河芸町浜田第1','059-506-3123',1504,'9680000.00'),
(8168,'アメリカン スーベニールズ','谷井','寿史','190-1202','東京都','西多摩郡','瑞穂町駒形富士山','5-14-1','050-9106-1962',1286,'0.00'),
(8169,'ポルト インポート','光本','智幸','098-2362','北海道','中川郡','美深町大手','8-13-6','050-5059-8494',NULL,'0.00'),
(8171,'ディードルズ デザイン インポート','栗栖','松代','311-1527','茨城県','鉾田市','借宿','1-5-7','0291-44-5512',1370,'8290000.00'),
(8172,'ラ コーン ダボンダンス','岩塚','和義','028-6957','岩手県','二戸市','浄法寺町海上田','3-5-2-3F','0195-41-0135',1337,'8430000.00'),
(8173,'ケンブリッジ コレクタブルズ','竹下','由紀子','444-2827','愛知県','豊田市','有間町1-4-5','ニューコーポ有間町 515号室','0565-54-1000',1188,'4340000.00'),
(8175,'ギフト デポット','中津','朝昭','360-0815','埼玉県','熊谷市','本石','7615','048-953-8808',1323,'8430000.00'),
(8177,'オオサカ スーベニールズ','夏目','稔','600-8206','京都府','京都市','下京区下之町2-14-5','プチドミール下之町 5F','075-941-7185',1621,'8120000.00'),
(8181,'ビタクローム','磯部','宏郎','689-2206','鳥取県','東伯郡','北栄町大島','2-6-2-1113号室','0858-15-6350',1286,'7640000.00'),
(8186,'トイズ オブ ワールド','氏原','輝彦','957-0003','新潟県','新発田市','桑ノ口','2521','0254-48-9546',1501,'9650000.00'),
(8187,'ファン ストアズ','鎌刈','圭司','811-5324','長崎県','壱岐市','芦辺町深江東触5-2-2','マンション芦辺町深江東触第1 8階','0920-83-8974',1501,'13680000.00'),
(8189,'クローバ コレクションズ','中尾','茂久','905-0702','沖縄県','島尻郡','伊平屋村','前泊6484','0980-65-9453',1504,'6940000.00'),
(8198,'オート モト クラシックス','野瀬','みちよ','616-8483','京都府','京都市','右京区嵯峨越畑鍋浦7-12-8','マリオン嵯峨越畑鍋浦 112号室','0771-20-0282',1216,'2300000.00'),
(8201,'UK コレクタブルズ','植上','昌枝','919-0812','福井県','あわら市','柿原','7-6-6','0776-75-1893',1501,'9270000.00'),
(8202,'カナディアン ギフト エクスチェンジ ネットワーク','本郷','勝一','167-0043','東京都','杉並区','上荻','1-12-6','03-3442-0174',1323,'9030000.00'),
(8204,'オンライン ミニ コレクタブルズ','石田','匡昭','969-6327','福島県','大沼郡','会津美里町','宮後乙6531','0242-40-3306',1188,'6870000.00'),
(8205,'トイズ フォー グロウンアップス ドットコム','松田','靖弘','038-2201','青森県','西津軽郡','深浦町','沢辺9659','050-8620-3644',1166,'9070000.00'),
(8206,'アジアンショッピング ネットワークス','西尾','靖代','820-0206','福岡県','嘉麻市','鴨生','9-13-6','0948-64-5092',NULL,'0.00'),
(8209,'ミニ キャラビー','城野','和雄','999-0144','山形県','東置賜郡','川西町時田7-4-2','レジデンス時田','0238-85-9920',1370,'5380000.00'),
(8211,'キングコング コレクタブルズ','池上','浩志','760-0080','香川県','高松市','木太町','9-12-8','087-441-9162',1621,'5860000.00'),
(8216,'エナコ ディストリビューターズ','村越','勝嘉','988-0073','宮城県','気仙沼市','笹が陣','6-9-2-12階','0226-46-3887',1702,'6030000.00'),
(8219,'ボーズ & トイズ','早川','圭司','206-0011','東京都','多摩市','関戸','8262','042-666-8651',1166,'1100000.00'),
(8223,'ネイチャーリッチ　オートス','阿相','義博 ','196-0033','東京都','昭島市','東町','9-8-3','042-745-3469',NULL,'0.00'),
(8227,'ハインツ コレクタブルズ','西脇','伸幸','635-0805','奈良県','北葛城郡','広陵町萱野','2-3-8','0745-62-0779',1401,'12080000.00'),
(8233,'ケベック ホーム ショッピング ネットワークス','柳原','幹夫','722-1114','広島県','世羅郡','世羅町東神崎6-10-7','パストラル東神崎 1F','08472-9-7037',1286,'4870000.00'),
(8237,'ANG リセラーズ','古賀','信久 ','088-2572','北海道','野付郡','別海町西春別','清川町1-10-6','01537-1-0359',NULL,'0.00'),
(8239,'コレクタブル ミニ デザインズ','桑山','栄里子','999-4103','山形県','北村山郡','大石田町岩ヶ袋7-10-7','岩ヶ袋寮 705号室','0237-65-3306',1166,'10500000.00'),
(8240,'ギフト バイ メール','石間','充 ','189-0023','東京都','東村山市','美住町','9-1-6-1312','042-945-2032',1501,'9390000.00'),
(8242,'アルファ コニャック','秋田','岳二','095-0002','北海道','士別市','東二条北','3-5-5','0165-93-4262',1370,'6110000.00'),
(8247,'メッスナー ショッピング ネットワークス','岩瀬','勝敏 ','586-0046','大阪府','河内長野市','中片添町7-10-1','セレッソ中片添町 513','0721-35-2755',NULL,'0.00'),
(8249,'アミカ モデルズ','五十嵐','英太郎 ','179-0082','東京都','練馬区','錦1-2-3','練馬プレシャス404号室','03-3775-8968',1401,'11300000.00'),
(8250,'リオン スーベニールズ','石間','康毅','667-0132','兵庫県','養父市','稲津','4-6-5','079-931-5936',1337,'6810000.00'),
(8256,'オート アソシエイス & シー','北川','俊光','329-0104','栃木県','下都賀郡','野木町','佐川野3-15-1','0280-82-6920',1370,'7790000.00'),
(8259,'トムズ スペシャリティ','宮本','祥二','632-0007','奈良県','天理市','森本町','1697','0743-61-9881',1504,'12040000.00'),
(8260,'ロイヤル カナディアン コレクタブルズ','後藤','博史','192-0156','東京都','八王子市','上恩方町','4-1-4','0426-91-9004',1323,'8960000.00'),
(8273,'フランケン ギフト','奥谷','弘泰 ','191-0032','東京都','日野市','三沢','2-8-2','042-936-5357',NULL,'0.00'),
(8276,'アンナズ デコレーションズ','高地','忠弘','709-0732','岡山県','赤磐市','可真下','2-13-2','086-746-8091',1611,'10780000.00'),
(8278,'ロベッリ ギフト','酒見','弘子','078-2225','北海道','雨竜郡','沼田町幌新1-14-2','シャリオ幌新 114号室','0164-86-1124',1401,'11960000.00'),
(8282,'スーベニールズ アンド シングス','西川','清文','028-7543','岩手県','八幡平市','小屋畑2-10-1','ロイヤルハイツ小屋畑','0195-27-5181',1611,'9330000.00'),
(8286,'マルタ レプリカズ','柿本','義春','798-1133','愛媛県','宇和島市','三間町中野中8-7-1','コスモ三間町中野中 2F','0895-12-3089',1216,'12370000.00'),
(8293,'BG&E コレクタブルズ','村松','克幸','441-8047','愛知県','豊橋市','鴨田町5-14-3','ＴＯＰ・鴨田町','0532-76-8097',NULL,'0.00'),
(8298,'ヴィダ スポート','大瀧','隆昭','078-1711','北海道','上川郡','上川町','清川7-1-1','01658-4-8330',1702,'14130000.00'),
(8299,'ノルウェイ ギフト バイ メール','重野','務','960-1483','福島県','伊達郡','川俣町','壺ヶ作7-14-5','024-402-9282',1504,'9510000.00'),
(8303,'シュイラー インポート','堀','栄作','581-0042','大阪府','八尾市','南木の本','7-13-9','072-021-9574',NULL,'0.00'),
(8307,'ダル ハンド インポート','北浦','孝博','738-0038','広島県','廿日市市','四季が丘上','9-14-9','0829-97-1625',NULL,'0.00'),
(8311,'オウル トイ サプライズ','絹川','浩樹','841-0005','佐賀県','鳥栖市','弥生が丘6-1-6','ハイツドリーム弥生が丘 1204号室','0942-81-6296',1501,'9050000.00'),
(8314,'プチ オート','鈴木','清志','015-0836','秋田県','由利本荘市','赤沼下','4-15-2','0184-95-1791',1401,'7990000.00'),
(8319,'ミニ クラシックス','白石','一弘','350-1102','埼玉県','川越市','的場北1-14-8','メゾンドフルーレ的場北 708','049-507-4989',1323,'10270000.00'),
(8320,'ミニ クリエーションズ','吉井','慎一','943-0637','新潟県','上越市','牧区桜滝','8-10-3','025-068-3027',1188,'9450000.00'),
(8321,'コーポレート ギフト アイディアズ','上地','泰広','680-0713','鳥取県','八頭郡','若桜町','赤松4902','0858-92-2638',1165,'10500000.00'),
(8323,'ダウン アンダー スーベニールズ','野口','子','519-2163','三重県','多気郡','多気町','矢田2-12-7','0598-90-3998',1612,'8800000.00'),
(8324,'スタイリッシュ デスク デコールズ','生田','浩','529-0263','滋賀県','伊香郡','高月町東柳野4-14-9','パークハイツ東柳野 10階','0749-84-4881',1501,'7700000.00'),
(8328,'テクニ コレクタブルズ','石戸','厚彦','526-0805','滋賀県','長浜市','榎木町6-1-5','Kコーポ榎木町 3階','0749-39-0346',1323,'4300000.00'),
(8333,'オーストラリアン ギフト ネットワークス','花村','薫','133-0061','東京都','江戸川区','篠崎町','3-14-1','03-3806-3103',1611,'5160000.00'),
(8334,'スオミネン スーベニールズ','小澤','寿広','272-0138','千葉県','市川市','南行徳9-14-3','ベルピア・南行徳 1510','047-210-9605',1501,'9880000.00'),
(8335,'クレイマ スペシャリティーズ','奥平','史彦','797-1432','愛媛県','西予市','野村町惣川3-9-3','野村町惣川アパート','0894-25-9436',NULL,'0.00'),
(8339,'クラシック ギフト アイディアズ','松井','憲二郎','927-0002','石川県','鳳珠郡','穴水町','菅谷2-5-9','0768-49-6420',1188,'8110000.00'),
(8344,'CAF インポート','大村','克之','839-0811','福岡県','久留米市','山川神代','9-9-5','0942-78-8577',1702,'5960000.00'),
(8347,'メン アー アス リテイラーズ','水島','豊隆','030-0921','青森県','青森市','原別','4-5-5','017-961-1231',1166,'5770000.00'),
(8348,'アジアン トレジャーズ','神崎','昭良','503-1511','岐阜県','不破郡','関ヶ原町東町8-14-2','エチュード東町 13F','0584-47-7526',NULL,'0.00'),
(8350,'マルセイユ ミニ オート','美濃浦','裕子','184-0013','東京都','小金井市','前原町','7432','042-600-1366',1337,'6500000.00'),
(8353,'レイムス コレクタブルズ','岩室','眞治','824-0817','福岡県','京都郡','みやこ町勝山岩熊3-6-7','トーシンコーポ勝山岩熊','093-032-9374',1337,'8110000.00'),
(8356,'SAR ディストリビューターズ','高林','真帆','182-0025','東京都','調布市','多摩川','1-5-9','042-351-5895',NULL,'0.00'),
(8357,'ギフト フォー ヒム ドットコム','上之郷','泰正','409-2723','山梨県','南巨摩郡','早川町','榑坪5-9-5','0556-96-3626',1612,'7770000.00'),
(8361,'コミッション オート','保母','ひろ乃','080-0811','北海道','帯広市','東十一条南','9-11-2','0155-24-2143',NULL,'0.00'),
(8362,'ギフト フォー オール エイジズ ドットコム','中世古','群太','678-0025','兵庫県','相生市','古池本町','5-15-9','07912-5-5629',1216,'4190000.00'),
(8363,'オンライン ダイキャスト クリエイションズ','鴨下','美佳','005-0831','北海道','札幌市','南区中ノ沢5-14-7','シャリオ中ノ沢 1001号室','011-182-8439',1216,'11420000.00'),
(8369,'リスボア スーベニールズ','石倉','厚志','043-0421','北海道','久遠郡','せたな町','大成区長磯9-5-3','0137-39-2584',NULL,'0.00'),
(8376,'プレシャス コレクタブルズ','青柳','博行','722-2416','広島県','尾道市','瀬戸田町','林6-5-1','0845-00-5521',1702,'0.00'),
(8379,'コレクタブルズ フォー レス','金本','好宏','492-8468','愛知県','稲沢市','井堀野口町','6-9-4','0587-24-3994',1188,'7070000.00'),
(8381,'ロイヤル ベルグ','亀井','貴史','607-8407','京都府','京都市','山科区御陵安祥寺町8-2-3','ドミール御陵安祥寺町 601号室','075-073-2496',1401,'2350000.00'),
(8382,'ザルツブルク コレクタブルズ','永用','由希子','920-0973','石川県','金沢市','枝町','8-5-6','076-851-6607',1401,'7170000.00'),
(8385,'クルーズ & サンズ','今泉','慎次','068-1114','北海道','石狩郡','新篠津村','南ヶ丘5-15-1','0126-14-3045',1621,'8150000.00'),
(8386,'エロ―ディン スーベニールズ','徳弘','みよ子','737-0043','広島県','呉市','和庄登町','4-15-8','0823-36-5524',1401,'12140000.00'),
(8398,'トーキョー コレクタブルズ','志村','亜希子','502-0906','岐阜県','岐阜市','池之上町','4-4-5','058-359-8129',1621,'9440000.00'),
(8406,'オート カナル プチ','矢島','悠子','204-0011','東京都','清瀬市','下清戸','6-11-6','042-973-9823',1337,'9500000.00'),
(8409,'スタットガルト コレクタブル エクスチェンジ','村山','明彦','612-8324','京都府','京都市','伏見区','小豆屋町5-8-2','075-791-3611',NULL,'0.00'),
(8412,'エクストリーム デスク デコレーションズ','須貝','正則','394-0081','長野県','岡谷市','長地権現町','7-6-5','0266-34-6308',1612,'8680000.00'),
(8415,'バーバリアン コレクタブルズ インポート','柿本','剛史','114-0002','東京都','北区','王子','4177','03-3592-2092',1504,'7700000.00'),
(8424,'クラシック レジェンズ','河野','恭史','088-0302','北海道','白糠郡','白糠町','東二条南3211','01547-2-8595',1286,'6750000.00'),
(8443,'フューラー オンライン ストア','斉木','幸宏 ','136-0074','東京都','江東区','東砂4-13-6','メゾネット東砂 13階','03-3733-6271',NULL,'0.00'),
(8447,'ギフト アイディア コーポレーション','桜田','喜博','950-0964','新潟県','新潟市','網川原6-3-2','カーム網川原','025-743-4308',1323,'4970000.00'),
(8448,'スカンジナビアン ギフト アイディアズ','徳弘','恵美','870-1137','大分県','大分市','宮崎台','7-13-3','097-316-6606',1504,'11640000.00'),
(8450,'シャープ ギフト ウェアハウス','安井','桃子','270-1146','千葉県','我孫子市','高野山新田','6-9-4','04-4998-4429',1165,'7760000.00'),
(8452,'ミニ オート ワーク','松田','佐恵子','563-0028','大阪府','池田市','渋谷','3856','072-436-4045',1401,'4530000.00'),
(8455,'スーパー スケール','松藤','康博','952-3202','新潟県','佐渡市','北鵜島','4-5-8','0259-31-8795',1286,'9540000.00'),
(8456,'マイクロスケール','東出','重則','362-0012','埼玉県','上尾市','上尾宿','3705','048-235-8678',1286,'3980000.00'),
(8458,'コリダ オート レプリカズ','春山','升美','101-0038','東京都','千代田区','神田美倉町','5614','03-3857-9327',1702,'10460000.00'),
(8459,'ウォーバーグ エクスチェンジ','西口','泰弘','789-0174','高知県','長岡郡','大豊町','中内9-15-3','0887-46-2847',NULL,'0.00'),
(8462,'ファン ギフト アイディアズ ドットコム','小川','研一','573-0151','大阪府','枚方市','藤阪北町','7-5-5','072-094-5485',1216,'8580000.00'),
(8465,'アントン デザインズ','宇根元','慎吾','923-1112','石川県','能美市','佐野町','4-15-3','0761-19-3073',NULL,'0.00'),
(8471,'オーストラリアン コレクタブルズ','今野','浩伸','039-2118','青森県','上北郡','おいらせ町','彦七川原7-8-7','0178-90-1709',1611,'6030000.00'),
(8473,'フラウ コレクションズ','赤尾','理奈','689-5137','鳥取県','日野郡','日野町上菅3-13-6','シャトル上菅 806号室','0859-07-0591',1401,'3480000.00'),
(8475,'ウエスト コースト コレクタブルズ','君島','武志','739-1106','広島県','安芸高田市','甲田町','浅塚5-15-3','0826-49-0708',1166,'5540000.00'),
(8477,'ミット ベルニューゲン','久保','信久','322-0606','栃木県','上都賀郡','西方町','本城1389','0282-34-5795',NULL,'0.00'),
(8480,'クレムリン コレクタブルズ','村松','弘','692-0028','島根県','安来市','汐手が丘','9-8-2','0854-47-6351',NULL,'0.00'),
(8481,'ラナン ストアズ','岩井','光彦','270-1353','千葉県','印西市','泉','4-2-5','0476-03-9584',NULL,'0.00'),
(8484,'イベラ ギフト インポート','辻','則明','277-0911','千葉県','柏市','箕輪新田','4-7-3','04-4718-5180',1702,'6570000.00'),
(8486,'モーター ミント ディストリビューターズ','大宮','智久','362-0805','埼玉県','北足立郡','伊奈町栄2-1-5','ミレニアム栄','048-437-0786',1323,'7260000.00'),
(8487,'シグナル コレクタブルズ','大河','香里','707-0022','岡山県','美作市','楢原上','1977','0868-03-7833',1165,'6030000.00'),
(8489,'ダブル デッカー ギフト ストア','藤吉','健司','133-0072','東京都','江戸川区','鹿骨町7-6-6','エレガンテ鹿骨町','03-3011-9426',1501,'4330000.00'),
(8495,'ダイキャスト コレクタブルズ','長谷部','真由子','334-0012','埼玉県','鳩ヶ谷市','八幡木','3-15-4','048-971-6261',1188,'8510000.00'),
(8496,'ケリーズ ギフト ショップ','宮下','友恭','616-8238','京都府','京都市','右京区鳴滝桐ヶ淵町','9-4-6','075-575-0532',1612,'11000000.00')
;

/* FOREIGN KEYS */
/* For employees */
ALTER TABLE employees ADD CONSTRAINT employees_ibfk_1 FOREIGN KEY (reportsTo) REFERENCES employees(employeeNumber) ON DELETE CASCADE ON UPDATE CASCADE
;
ALTER TABLE employees ADD CONSTRAINT employees_ibfk_2 FOREIGN KEY (officeCode) REFERENCES offices(officeCode) ON DELETE CASCADE ON UPDATE CASCADE
;

/* For orderdetails */
ALTER TABLE orderdetails ADD CONSTRAINT orderdetails_ibfk_1 FOREIGN KEY (orderNumber) REFERENCES orders(orderNumber) 
;
ALTER TABLE orderdetails ADD CONSTRAINT orderdetails_ibfk_2 FOREIGN KEY (productCode) REFERENCES products(productCode) 
;

/* For orders */
ALTER TABLE orders ADD CONSTRAINT orders_ibfk_1 FOREIGN KEY (customerNumber) REFERENCES customers(customerNumber) 
;

/* For payments */
ALTER TABLE payments ADD CONSTRAINT payments_ibfk_1 FOREIGN KEY (customerNumber) REFERENCES customers(customerNumber) 
;

/* For products */
ALTER TABLE products ADD CONSTRAINT products_ibfk_1 FOREIGN KEY (productCategory) REFERENCES productcategories(productCategory) 
;

/* For customers */
ALTER TABLE customers ADD CONSTRAINT customers_ibfk_1 FOREIGN KEY (salesRepEmployeeNumber) REFERENCES employees(employeeNumber) 
;
